provider_id,gers_id,provider_lr,gers_lr,match_type,score
381547855,9a1cdf7e-4c69-4e7b-90df-52695835dd08,"[0.0, 1.0]",,split,1.0
381547856,42677d95-422b-4522-a722-09aa48b9a86a,"[0.0, 1.0]",,mixed,1.0
381547857,42677d95-422b-4522-a722-09aa48b9a86a,"[0.0, 1.0]",,mixed,1.0
381547858,42677d95-422b-4522-a722-09aa48b9a86a,"[0.0, 1.0]",,mixed,1.0
381547859,d38205ce-db7c-43bd-96bc-4c978a4cecbb,"[0.0, 1.0]",,split,1.0
381547860,d022b38d-d61f-493d-8d9f-3f0df6da1019,"[0.0, 1.0]",,split,1.0
381547861,b308e5cc-e210-4d3d-8cff-257150762bff,"[0.0, 1.0]",,mixed,1.0
381547862,b308e5cc-e210-4d3d-8cff-257150762bff,"[0.0, 1.0]",,mixed,1.0
381547863,,"[0.0, 1.0]",,unmatched,0.0
381547864,c5800d0a-320d-417a-943d-c23e7a218c89,"[0.0, 1.0]",,mixed,1.0
381547865,7808644d-4001-4e2b-bd1b-c1d2c1da8b0f,"[0.0, 1.0]",,split,1.0
381547866,d07e903b-d206-4608-b620-93c2c03f35ee,"[0.0, 1.0]",,mixed,1.0
381547867,f1eb2ef6-cceb-427e-a8e1-5145b417a0e1,"[0.0, 1.0]",,split,0.869
381547868,a9468be1-8ce1-4769-ad6f-dbb7ad234515,"[0.0, 1.0]",,mixed,1.0
381547869,691505dc-0a5f-42ce-9647-21d908fbd09a,"[0.0, 1.0]",,mixed,1.0
381547870,691505dc-0a5f-42ce-9647-21d908fbd09a,"[0.0, 1.0]",,mixed,0.64
381547871,2d2f3c32-dd9c-49b0-b075-7c6a80646fa1,"[0.0, 1.0]",,split,0.896
381547872,,"[0.0, 1.0]",,unmatched,0.0
381547873,09a64413-7fa1-46fc-b465-d12ef3db69e9,"[0.0, 1.0]",,split,0.753
381547874,32054822-5db8-42a7-842b-d68527456e72,"[0.0, 1.0]",,split,1.0
381547875,1523ca43-ae53-4d04-947c-4f6dfd5368e0,"[0.0, 1.0]",,mixed,0.626
381547876,08d24a3d-cb8a-48c2-b10f-7908aafbd2e4,"[0.0, 1.0]",,split,1.0
381547877,5032f5ab-99c8-4090-92ef-05b99c43a0be,"[0.0, 1.0]",,split,1.0
381547878,3bd1c934-a3c7-44f0-96bd-996e51723380,"[0.0, 1.0]",,mixed,1.0
381547879,a9468be1-8ce1-4769-ad6f-dbb7ad234515,"[0.0, 1.0]",,mixed,1.0
381547880,691505dc-0a5f-42ce-9647-21d908fbd09a,"[0.0, 1.0]",,mixed,1.0
381547886,9ed4077d-b0c4-4528-a92d-7215ecf44c37,"[0.0, 1.0]",,merge,0.965
381547887,8f4af321-d198-49ae-b916-3af0bea8943d,"[0.0, 1.0]",,split,0.914
381547888,50485395-6fc9-4e3e-b8e1-9901be38dd42,"[0.0, 1.0]",,split,1.0
381547889,c28e81f8-c031-446b-a5e4-3153429048cb,"[0.0, 1.0]",,mixed,1.0
381547890,c28e81f8-c031-446b-a5e4-3153429048cb,"[0.0, 1.0]",,mixed,1.0
381547891,c28e81f8-c031-446b-a5e4-3153429048cb,"[0.0, 1.0]",,mixed,1.0
381547892,c28e81f8-c031-446b-a5e4-3153429048cb,"[0.0, 1.0]",,mixed,1.0
381547893,8255ddc0-2c7e-415c-b227-5ba39c292368,"[0.0, 1.0]",,split,0.936
381547894,76288686-b206-4d3c-80b6-099ab6e50e25,"[0.0, 1.0]",,split,0.85
381547895,f9a438d0-82ba-48ab-a5c3-ccac76e6e484,"[0.0, 1.0]",,split,1.0
381547896,ebfa3ca1-8422-4278-ace2-eec6b171427f,"[0.0, 1.0]",,split,1.0
381547897,634e8b9e-2e2b-4893-8c87-ec2d0509fd95,"[0.0, 1.0]",,split,0.929
381547898,586ab092-375e-4cec-9c46-d44b7c6a6d57,"[0.0, 1.0]",,mixed,1.0
381547899,586ab092-375e-4cec-9c46-d44b7c6a6d57,"[0.0, 1.0]",,mixed,1.0
381547900,586ab092-375e-4cec-9c46-d44b7c6a6d57,"[0.0, 1.0]",,mixed,1.0
381547901,cccfa269-b4a8-4281-a76c-1b1d2b7f7843,"[0.0, 1.0]",,clean,0.857
381547906,b54797ad-a8eb-48cf-a979-40628826463c,"[0.0, 1.0]",,split,0.916
381547917,0c351a5c-ffbb-43dc-b931-d01ff71b28fa,"[0.0, 1.0]",,mixed,1.0
381547928,0c351a5c-ffbb-43dc-b931-d01ff71b28fa,"[0.0, 1.0]",,mixed,1.0
381547939,0c351a5c-ffbb-43dc-b931-d01ff71b28fa,"[0.0, 1.0]",,mixed,1.0
381547950,7e080c7b-5a94-4edc-bceb-29c881d5a7f1,"[0.0, 1.0]",,split,1.0
381547958,9ed4077d-b0c4-4528-a92d-7215ecf44c37,"[0.0, 1.0]",,mixed,0.659
381547959,9ed4077d-b0c4-4528-a92d-7215ecf44c37,"[0.0, 1.0]",,merge,1.0
381548469,5cb00db3-b2a8-4672-8fbd-e25323060e79,"[0.0, 1.0]",,mixed,0.989
381548470,9cecab9f-38a0-44eb-a676-873718509a60,"[0.0, 1.0]",,split,0.72
381548471,c0b0637a-2da3-4e60-8bb8-e39284301010,"[0.0, 1.0]",,split,1.0
381548472,0f499c58-36b4-4689-a48a-19ed4513c44f,"[0.0, 1.0]",,split,1.0
381548473,2712b972-6728-45c3-b9b6-ff2d70f16e95,"[0.0, 1.0]",,mixed,1.0
381548474,2712b972-6728-45c3-b9b6-ff2d70f16e95,"[0.0, 1.0]",,mixed,0.659
381548475,7f485535-18e5-46da-9268-7546541a6632,"[0.0, 1.0]",,merge,1.0
381548476,7f485535-18e5-46da-9268-7546541a6632,"[0.0, 1.0]",,merge,1.0
381548477,71a63c18-d04a-49a7-86b4-0b15249f99ab,"[0.0, 1.0]",,split,0.651
381548479,5f61062f-e6a9-4e34-a07b-8508f225d641,"[0.0, 1.0]",,split,1.0
381548480,077792b1-142a-4444-91ac-b738f509f867,"[0.0, 1.0]",,merge,1.0
381548481,077792b1-142a-4444-91ac-b738f509f867,"[0.0, 1.0]",,merge,1.0
381548482,,"[0.0, 1.0]",,unmatched,0.0
381548529,d28015d2-235d-42f6-b56a-4dbbd9b5e858,"[0.0, 1.0]",,mixed,1.0
381548530,d28015d2-235d-42f6-b56a-4dbbd9b5e858,"[0.0, 1.0]",,mixed,1.0
381548531,9b16f19a-1c60-474e-bb4d-a01e9c61dcaf,"[0.0, 1.0]",,split,0.934
381548532,c004ad5a-9ed2-4880-8caa-98af1e3dd375,"[0.0, 1.0]",,split,1.0
381548533,59fe7940-383f-45e8-a41b-55585a5eeb24,"[0.0, 1.0]",,split,1.0
381548535,ac080636-7e45-438b-99ed-d61359d4d2b0,"[0.0, 1.0]",,split,1.0
381548536,0a5e033d-f83d-44cd-9d03-dc28616ab05d,"[0.0, 1.0]",,mixed,1.0
381548537,0a5e033d-f83d-44cd-9d03-dc28616ab05d,"[0.0, 1.0]",,merge,1.0
381548538,be8f9295-6d09-406b-b1a1-7eed188f0a3f,"[0.0, 1.0]",,split,1.0
381548539,8340299a-e102-4707-804c-a20257b45fea,"[0.0, 1.0]",,mixed,1.0
381548540,cc489969-ba9d-42f6-8ffc-819e0689b7bb,"[0.0, 1.0]",,split,0.677
381548541,6251fb0c-aca0-41bb-b0f8-0ad40bbc492d,"[0.0, 1.0]",,split,1.0
381548542,bd8e68b5-b5cd-42b1-8a50-d55b3d13b784,"[0.0, 1.0]",,split,0.955
381548543,b272b517-9faa-4603-8915-5fa166264742,"[0.0, 1.0]",,merge,1.0
381548544,b272b517-9faa-4603-8915-5fa166264742,"[0.0, 1.0]",,mixed,0.673
381548546,9705469b-6ce2-42f9-933b-0e39c8c191dc,"[0.0, 1.0]",,split,0.721
381548547,9e32e62c-6bcc-4d47-97bb-20d32c4d82dd,"[0.0, 1.0]",,mixed,1.0
381548548,9e32e62c-6bcc-4d47-97bb-20d32c4d82dd,"[0.0, 1.0]",,mixed,1.0
381548549,88c7bb91-834c-4cc4-af83-594847183189,"[0.0, 1.0]",,split,1.0
381548550,9e32e62c-6bcc-4d47-97bb-20d32c4d82dd,"[0.0, 1.0]",,mixed,1.0
381548551,9e32e62c-6bcc-4d47-97bb-20d32c4d82dd,"[0.0, 1.0]",,mixed,1.0
381548552,9e32e62c-6bcc-4d47-97bb-20d32c4d82dd,"[0.0, 1.0]",,mixed,1.0
381548553,bc1f9c88-9d82-486c-9523-0ae9337b044b,"[0.0, 1.0]",,split,1.0
381548554,92aa5022-139d-4dec-a10b-24553c57e54e,"[0.0, 1.0]",,mixed,1.0
381548555,92aa5022-139d-4dec-a10b-24553c57e54e,"[0.0, 1.0]",,mixed,1.0
381548557,92aa5022-139d-4dec-a10b-24553c57e54e,"[0.0, 1.0]",,mixed,1.0
381548558,28a4e2ee-612c-4738-8ac4-dab082a82bd4,"[0.0, 1.0]",,split,1.0
381548559,393910a2-978f-4ce6-a177-fdbe3342516a,"[0.0, 1.0]",,mixed,1.0
381548560,393910a2-978f-4ce6-a177-fdbe3342516a,"[0.0, 1.0]",,mixed,1.0
381548561,cb9edd0a-88f9-47fa-a2cc-eeb79d273d0d,"[0.0, 1.0]",,mixed,1.0
381548562,cb9edd0a-88f9-47fa-a2cc-eeb79d273d0d,"[0.0, 1.0]",,mixed,1.0
381548563,b3d41ba3-cc19-405a-953f-7fbb628a4e2a,"[0.0, 1.0]",,split,1.0
381548564,6ac0a368-9cbd-4e9d-9eba-cf2d6fc514a6,"[0.0, 1.0]",,clean,0.815
381548565,2e3c059e-cc05-4a3e-a50b-d64f6be37ca1,"[0.0, 1.0]",,merge,1.0
381548566,2e3c059e-cc05-4a3e-a50b-d64f6be37ca1,"[0.0, 1.0]",,merge,1.0
381548568,3ab69f41-da8f-43ab-b879-a17183db176e,"[0.0, 1.0]",,split,0.686
381548569,832b250b-b3d6-4c94-ab6d-b394315256a4,"[0.0, 1.0]",,split,1.0
381548570,df2b09f5-a0fa-4231-ac77-ede8a430f410,"[0.0, 1.0]",,mixed,0.848
381548571,df2b09f5-a0fa-4231-ac77-ede8a430f410,"[0.0, 1.0]",,merge,1.0
381548572,22f86811-0817-48bb-8382-4f4715a08dfb,"[0.0, 1.0]",,split,0.712
381548573,76f277c1-1909-4ce4-a069-ca8af1e37734,"[0.0, 1.0]",,merge,1.0
381548574,76f277c1-1909-4ce4-a069-ca8af1e37734,"[0.0, 1.0]",,mixed,1.0
381548575,94140979-632f-4c24-bb83-83da3b82d9ca,"[0.0, 1.0]",,merge,1.0
381548576,94140979-632f-4c24-bb83-83da3b82d9ca,"[0.0, 1.0]",,merge,1.0
381548577,69fccc14-596c-48d4-bb4d-07ba1a0c6a38,"[0.0, 1.0]",,mixed,0.941
381548579,69fccc14-596c-48d4-bb4d-07ba1a0c6a38,"[0.0, 1.0]",,mixed,1.0
381548583,de274aa7-1701-414d-ae3b-6ee29ca8c0be,"[0.0, 1.0]",,split,1.0
381548584,3d65b5c7-790b-47d0-80fe-177d0715f0ac,"[0.0, 1.0]",,split,0.771
381548585,e1cc2598-9094-447f-b383-e9d771176406,"[0.0, 1.0]",,split,1.0
381548586,a90b22e3-f981-4ce1-a326-a954e979d531,"[0.0, 1.0]",,merge,1.0
381548587,a90b22e3-f981-4ce1-a326-a954e979d531,"[0.0, 1.0]",,mixed,1.0
381548588,129080b0-e4b5-447c-9202-f35a3abc7fa5,"[0.0, 1.0]",,split,0.886
381548589,6d3ffa49-6231-47de-8e81-c6946cef894a,"[0.0, 1.0]",,split,1.0
381548590,b17de2e2-e187-4571-9baa-a4f2d2e203f6,"[0.0, 1.0]",,clean,0.812
381548591,c2fc979a-173f-4862-a698-d2316cb07e68,"[0.0, 1.0]",,split,1.0
381548592,,"[0.0, 1.0]",,unmatched,0.0
381548593,df807720-4149-4bf5-8705-c27b7b54e465,"[0.0, 1.0]",,split,0.748
381548594,8ecb0cdc-6b32-400b-ba29-5f1ae8f0218d,"[0.0, 1.0]",,split,0.649
381548595,,"[0.0, 1.0]",,unmatched,0.0
381548596,,"[0.0, 1.0]",,unmatched,0.0
381548597,baacd7cc-8b11-426d-ba00-d9d8ce8a8972,"[0.0, 1.0]",,split,0.734
381548598,1afbd0a5-3d7c-424d-a3f5-636063f64599,"[0.0, 1.0]",,mixed,0.803
381548599,1afbd0a5-3d7c-424d-a3f5-636063f64599,"[0.0, 1.0]",,mixed,0.819
381548600,825906ff-e2d0-4a5a-ba78-5840ead93e72,"[0.0, 1.0]",,split,1.0
381548601,7cdc5413-1d2e-4bed-8622-289f9699f9b1,"[0.0, 1.0]",,merge,1.0
381548602,7cdc5413-1d2e-4bed-8622-289f9699f9b1,"[0.0, 1.0]",,mixed,1.0
381548603,e2635f7a-0dfe-45d6-bd98-7d851a8aeb76,"[0.0, 1.0]",,clean,0.821
381548604,eafddbbb-5143-4d7e-a2df-d34b65c2156f,"[0.0, 1.0]",,split,1.0
381548605,e57d84ec-39e7-4264-89fb-d68889ea3b31,"[0.0, 1.0]",,split,0.92
381548606,,"[0.0, 1.0]",,unmatched,0.0
381548857,27f8851a-65c0-45d7-a7b8-7e3d16573ebc,"[0.0, 1.0]",,split,0.875
381548858,,"[0.0, 1.0]",,unmatched,0.0
381548859,,"[0.0, 1.0]",,unmatched,0.0
381548860,f66d3445-3a20-4029-a338-40f8eb03ca81,"[0.0, 1.0]",,split,1.0
381548861,59ca67b5-eb76-4934-890a-0a3c6ed2390a,"[0.0, 1.0]",,mixed,0.675
381548862,59ca67b5-eb76-4934-890a-0a3c6ed2390a,"[0.0, 1.0]",,mixed,1.0
381548863,cd91562e-b3d8-4875-a01e-d1718e8a7615,"[0.0, 1.0]",,split,0.637
381548864,5ac2047c-b632-4703-a7d2-8ef542be3bfd,"[0.0, 1.0]",,mixed,1.0
381548865,6776abca-5070-45c1-b071-139b3c2044c6,"[0.0, 1.0]",,split,1.0
381548866,f2f25594-ff06-44a5-a7c3-edc95216ebed,"[0.0, 1.0]",,mixed,0.946
381548867,7926ea64-4132-452a-aca3-2ac403335eeb,"[0.0, 1.0]",,mixed,1.0
381548868,7926ea64-4132-452a-aca3-2ac403335eeb,"[0.0, 1.0]",,mixed,1.0
381548869,8c641a38-b32b-46b2-86a3-c733e338c6e6,"[0.0, 1.0]",,mixed,1.0
381548870,8c641a38-b32b-46b2-86a3-c733e338c6e6,"[0.0, 1.0]",,mixed,0.881
381548871,4a16b22d-cf27-47cd-98bb-5d499a0642c4,"[0.0, 1.0]",,clean,0.805
381548872,920a7dd0-e8b2-4355-8dd0-4a130361ca31,"[0.0, 1.0]",,split,0.943
381548873,a4fac61d-776a-4c4b-99c1-b97ea85e1b00,"[0.0, 1.0]",,split,0.732
381548874,9097b040-3229-4307-b44e-89df2fd85bd4,"[0.0, 1.0]",,split,1.0
381548875,,"[0.0, 1.0]",,unmatched,0.0
381548876,f2f25594-ff06-44a5-a7c3-edc95216ebed,"[0.0, 1.0]",,merge,0.689
381548877,5ac2047c-b632-4703-a7d2-8ef542be3bfd,"[0.0, 1.0]",,mixed,0.68
381548878,,"[0.0, 1.0]",,unmatched,0.0
381548879,,"[0.0, 1.0]",,unmatched,0.0
381548880,903e8a5d-15d6-4133-87af-c0859c7fe7ea,"[0.0, 1.0]",,clean,0.631
381548881,b5fe7132-0e52-4b09-998e-a8cdf991c605,"[0.0, 1.0]",,split,1.0
381548882,b40be787-5434-4f0c-93f6-7274722a6b8e,"[0.0, 1.0]",,split,1.0
381548883,c87fb84b-0b89-4581-b1eb-9cd114273f96,"[0.0, 1.0]",,split,0.879
381548884,,"[0.0, 1.0]",,unmatched,0.0
381549738,b388e0d7-6d17-4ac2-ad7e-7cb86ffa7746,"[0.0, 1.0]",,mixed,1.0
381549739,b388e0d7-6d17-4ac2-ad7e-7cb86ffa7746,"[0.0, 1.0]",,mixed,1.0
381549740,34ccaf06-cdfe-48b8-9142-85c87cd6d268,"[0.0, 1.0]",,split,0.738
381549741,582e2820-da6a-41ea-80ac-a24368847f3c,"[0.0, 1.0]",,mixed,1.0
381549742,582e2820-da6a-41ea-80ac-a24368847f3c,"[0.0, 1.0]",,mixed,0.651
381549743,9ca511cc-406f-4cf6-bf1e-6866690ea13a,"[0.0, 1.0]",,split,0.818
381549744,5afe4b47-2a5d-4155-aed3-9eb1df0a14e9,"[0.0, 1.0]",,split,1.0
381549745,d6f87c78-acdb-4e65-a354-4132e75843dc,"[0.0, 1.0]",,split,1.0
381549746,e4e52375-b088-4325-a9b1-bddd81bca999,"[0.0, 1.0]",,mixed,0.784
381549747,e4e52375-b088-4325-a9b1-bddd81bca999,"[0.0, 1.0]",,mixed,1.0
381549748,,"[0.0, 1.0]",,unmatched,0.0
381549749,154cd0bb-8084-4da2-9eb9-42cf68f45ff5,"[0.0, 1.0]",,mixed,0.747
381549750,154cd0bb-8084-4da2-9eb9-42cf68f45ff5,"[0.0, 1.0]",,mixed,1.0
381549751,50ce22eb-3ca7-4eef-a498-715aa9ad08b6,"[0.0, 1.0]",,split,0.945
381549752,12f3815a-6e44-497f-91e6-4726307c21a6,"[0.0, 1.0]",,mixed,1.0
381549753,12f3815a-6e44-497f-91e6-4726307c21a6,"[0.0, 1.0]",,mixed,1.0
381549754,f3e13c60-9a70-465d-aba3-d8708e6293ac,"[0.0, 1.0]",,split,0.823
381549755,54317284-6817-4d82-9554-2d812b913d2d,"[0.0, 1.0]",,split,1.0
381549869,5d6e31fb-957b-44f0-ab91-a4b35548ed51,"[0.0, 1.0]",,split,0.765
381549870,ca4db46b-41f0-4196-864b-b6f2ade32475,"[0.0, 1.0]",,mixed,1.0
381549871,ca4db46b-41f0-4196-864b-b6f2ade32475,"[0.0, 1.0]",,mixed,1.0
381549872,8ba73327-717b-49e3-b769-84746c99b0d8,"[0.0, 1.0]",,split,0.894
381549873,7773fa6a-6390-4601-9cb3-1170620b1ceb,"[0.0, 1.0]",,mixed,1.0
381549874,7773fa6a-6390-4601-9cb3-1170620b1ceb,"[0.0, 1.0]",,mixed,1.0
381549875,7773fa6a-6390-4601-9cb3-1170620b1ceb,"[0.0, 1.0]",,mixed,1.0
381549876,7773fa6a-6390-4601-9cb3-1170620b1ceb,"[0.0, 1.0]",,mixed,1.0
381549877,efe0ea76-41fd-45f8-a733-da7721865442,"[0.0, 1.0]",,split,1.0
381549878,354e00d2-a4ee-4757-91b5-e8c98005ce48,"[0.0, 1.0]",,mixed,1.0
381549879,354e00d2-a4ee-4757-91b5-e8c98005ce48,"[0.0, 1.0]",,mixed,1.0
381549880,354e00d2-a4ee-4757-91b5-e8c98005ce48,"[0.0, 1.0]",,mixed,1.0
381549881,,"[0.0, 1.0]",,unmatched,0.0
381549993,86260691-a9ea-4367-81e4-264baa3cf43d,"[0.0, 1.0]",,mixed,1.0
381549994,131414c1-f637-4893-83cf-d995574403b8,"[0.0, 1.0]",,mixed,1.0
381549995,131414c1-f637-4893-83cf-d995574403b8,"[0.0, 1.0]",,mixed,1.0
381549996,131414c1-f637-4893-83cf-d995574403b8,"[0.0, 1.0]",,mixed,1.0
381550155,f417f55a-26fb-4af4-a327-6b0ecc306954,"[0.0, 1.0]",,mixed,0.989
381550156,f417f55a-26fb-4af4-a327-6b0ecc306954,"[0.0, 1.0]",,mixed,1.0
381550157,1bdfc5c9-c58e-4eeb-94c9-27f788e8ccbb,"[0.0, 1.0]",,split,1.0
381550158,f417f55a-26fb-4af4-a327-6b0ecc306954,"[0.0, 1.0]",,merge,1.0
381550159,d49d2839-dacd-4f0c-9f04-0869fdb4628b,"[0.0, 1.0]",,mixed,1.0
381550160,d49d2839-dacd-4f0c-9f04-0869fdb4628b,"[0.0, 1.0]",,mixed,1.0
381550161,f417f55a-26fb-4af4-a327-6b0ecc306954,"[0.0, 1.0]",,mixed,0.718
381550162,4890a55a-c7fd-435b-989a-653e93ec0309,"[0.0, 1.0]",,split,1.0
381550163,0928f8f7-d35d-4930-a0f0-128c87c709a7,"[0.0, 1.0]",,split,1.0
381550164,7923c804-3d6e-4c9a-9f50-805f9c2fe028,"[0.0, 1.0]",,mixed,1.0
381550165,7923c804-3d6e-4c9a-9f50-805f9c2fe028,"[0.0, 1.0]",,mixed,1.0
381550166,7923c804-3d6e-4c9a-9f50-805f9c2fe028,"[0.0, 1.0]",,mixed,0.854
381550167,481b9815-cacb-4982-adf7-d62a700e4e62,"[0.0, 1.0]",,split,1.0
381550168,53bc4096-650e-4d0f-9f91-2fc016270c4f,"[0.0, 1.0]",,split,0.631
381550169,01b722b0-7bdb-420d-bd42-e75a8838f257,"[0.0, 1.0]",,clean,0.868
381550170,af626c02-47c8-49d2-a849-4d26dc8ef66e,"[0.0, 1.0]",,clean,1.0
381550171,3b95b33c-8694-459f-8f02-e58e686db22f,"[0.0, 1.0]",,clean,0.992
381550172,888059ce-7091-4555-8a20-0daa96b987f0,"[0.0, 1.0]",,split,0.622
381550173,7288edc9-74ae-409c-b490-3aa14a22e800,"[0.0, 1.0]",,mixed,1.0
381550174,7288edc9-74ae-409c-b490-3aa14a22e800,"[0.0, 1.0]",,mixed,1.0
381550175,7288edc9-74ae-409c-b490-3aa14a22e800,"[0.0, 1.0]",,mixed,0.78
381550176,1efff3c1-d148-4009-ba0f-702b9ac28919,"[0.0, 1.0]",,split,1.0
381550177,8a761d36-ea8e-4f40-a32b-1c18035f26ce,"[0.0, 1.0]",,split,0.786
381550178,054f2a3a-edea-433d-9ece-fd846941debb,"[0.0, 1.0]",,split,0.88
381550179,87ed8f17-ee76-4bd1-ae18-ee108be7779e,"[0.0, 1.0]",,mixed,1.0
381550180,87ed8f17-ee76-4bd1-ae18-ee108be7779e,"[0.0, 1.0]",,mixed,1.0
381550181,87ed8f17-ee76-4bd1-ae18-ee108be7779e,"[0.0, 1.0]",,mixed,1.0
381550182,2a9da1aa-f551-4bea-99b3-808e9f1782cf,"[0.0, 1.0]",,mixed,1.0
381550183,2a9da1aa-f551-4bea-99b3-808e9f1782cf,"[0.0, 1.0]",,mixed,1.0
381550184,2a9da1aa-f551-4bea-99b3-808e9f1782cf,"[0.0, 1.0]",,mixed,1.0
381550185,2a9da1aa-f551-4bea-99b3-808e9f1782cf,"[0.0, 1.0]",,mixed,1.0
381550186,1e7a7d8b-0a18-4c51-aaba-9a3c7bc60ef6,"[0.0, 1.0]",,split,1.0
381550187,2a9da1aa-f551-4bea-99b3-808e9f1782cf,"[0.0, 1.0]",,mixed,1.0
381550188,2a9da1aa-f551-4bea-99b3-808e9f1782cf,"[0.0, 1.0]",,mixed,1.0
381550189,2a9da1aa-f551-4bea-99b3-808e9f1782cf,"[0.0, 1.0]",,mixed,1.0
381550190,2a9da1aa-f551-4bea-99b3-808e9f1782cf,"[0.0, 1.0]",,mixed,1.0
381550191,2a9da1aa-f551-4bea-99b3-808e9f1782cf,"[0.0, 1.0]",,mixed,1.0
381550192,fa8bfccf-2691-4ecf-af3e-60ea01db6547,"[0.0, 1.0]",,split,1.0
381550193,1eacaa33-1a6e-4b67-8263-b31250b8c6d3,"[0.0, 1.0]",,mixed,0.878
381550194,1eacaa33-1a6e-4b67-8263-b31250b8c6d3,"[0.0, 1.0]",,mixed,1.0
381550195,72da7234-8fe0-4674-9cbd-564449a24c64,"[0.0, 1.0]",,mixed,1.0
381550196,72da7234-8fe0-4674-9cbd-564449a24c64,"[0.0, 1.0]",,mixed,1.0
381550197,72da7234-8fe0-4674-9cbd-564449a24c64,"[0.0, 1.0]",,mixed,1.0
381550198,b72f831c-d1c7-4167-86dc-4ec5300977d9,"[0.0, 1.0]",,mixed,1.0
381550199,b72f831c-d1c7-4167-86dc-4ec5300977d9,"[0.0, 1.0]",,mixed,0.954
381550200,dec8378c-56f5-432f-a773-41102997633a,"[0.0, 1.0]",,mixed,1.0
381550201,dec8378c-56f5-432f-a773-41102997633a,"[0.0, 1.0]",,mixed,1.0
381550202,dec8378c-56f5-432f-a773-41102997633a,"[0.0, 1.0]",,mixed,1.0
381550203,d5cd90d7-9d85-4835-a838-6edf256d1ef6,"[0.0, 1.0]",,mixed,1.0
381550204,d5cd90d7-9d85-4835-a838-6edf256d1ef6,"[0.0, 1.0]",,mixed,1.0
381550205,3ef6a9fc-9dc2-4337-bb45-64c9a6f6b061,"[0.0, 1.0]",,mixed,1.0
381550206,3ef6a9fc-9dc2-4337-bb45-64c9a6f6b061,"[0.0, 1.0]",,mixed,1.0
381550207,3ef6a9fc-9dc2-4337-bb45-64c9a6f6b061,"[0.0, 1.0]",,mixed,1.0
381550208,3ef6a9fc-9dc2-4337-bb45-64c9a6f6b061,"[0.0, 1.0]",,merge,1.0
381550209,3ef6a9fc-9dc2-4337-bb45-64c9a6f6b061,"[0.0, 1.0]",,mixed,1.0
381550210,3ef6a9fc-9dc2-4337-bb45-64c9a6f6b061,"[0.0, 1.0]",,mixed,0.762
381550211,4a01d655-68db-4273-97a8-c4cc9d22061f,"[0.0, 1.0]",,mixed,1.0
381550212,4a01d655-68db-4273-97a8-c4cc9d22061f,"[0.0, 1.0]",,mixed,1.0
381550213,ae280539-c01c-49f3-a112-951c2045a4f5,"[0.0, 1.0]",,mixed,1.0
381550214,ba366d57-607e-435a-9f03-d21cfb972701,"[0.0, 1.0]",,split,1.0
381550215,ae280539-c01c-49f3-a112-951c2045a4f5,"[0.0, 1.0]",,mixed,1.0
381550216,ae280539-c01c-49f3-a112-951c2045a4f5,"[0.0, 1.0]",,mixed,1.0
381550217,ae280539-c01c-49f3-a112-951c2045a4f5,"[0.0, 1.0]",,mixed,1.0
381550218,52ca78cf-1192-480e-8d2b-b1ca3d3958ba,"[0.0, 1.0]",,split,0.916
381550219,86260691-a9ea-4367-81e4-264baa3cf43d,"[0.0, 1.0]",,mixed,1.0
381550220,86260691-a9ea-4367-81e4-264baa3cf43d,"[0.0, 1.0]",,mixed,1.0
381550221,86260691-a9ea-4367-81e4-264baa3cf43d,"[0.0, 1.0]",,mixed,1.0
381550222,86260691-a9ea-4367-81e4-264baa3cf43d,"[0.0, 1.0]",,mixed,1.0
381550368,3a4b4e2c-38a2-4d17-8a89-fcee1a2bf836,"[0.0, 1.0]",,mixed,1.0
381550369,3a4b4e2c-38a2-4d17-8a89-fcee1a2bf836,"[0.0, 1.0]",,mixed,1.0
381550370,3a4b4e2c-38a2-4d17-8a89-fcee1a2bf836,"[0.0, 1.0]",,mixed,1.0
381550371,6a218b49-99a0-4f80-9461-45d94a9ba79a,"[0.0, 1.0]",,mixed,1.0
381550372,6a218b49-99a0-4f80-9461-45d94a9ba79a,"[0.0, 1.0]",,mixed,0.764
381550373,430d98a4-98c4-4fb9-8b47-4e063f88b4df,"[0.0, 1.0]",,mixed,1.0
381550374,430d98a4-98c4-4fb9-8b47-4e063f88b4df,"[0.0, 1.0]",,mixed,1.0
381550375,430d98a4-98c4-4fb9-8b47-4e063f88b4df,"[0.0, 1.0]",,mixed,1.0
381550376,868b1019-3b6b-4d15-8683-6b8ee4c539e7,"[0.0, 1.0]",,mixed,0.888
381550377,868b1019-3b6b-4d15-8683-6b8ee4c539e7,"[0.0, 1.0]",,mixed,1.0
381550378,868b1019-3b6b-4d15-8683-6b8ee4c539e7,"[0.0, 1.0]",,mixed,1.0
381550379,3623ae24-3afb-4fe1-8f2d-fcccac94fee3,"[0.0, 1.0]",,split,1.0
381550380,dd47d540-2f65-4e39-bf61-c7c3445aa3ae,"[0.0, 1.0]",,split,0.922
381550381,aba8b0ec-6b8d-4001-bd0b-e771e23ff437,"[0.0, 1.0]",,split,0.754
381550382,9285a965-a672-49db-9f49-b43a229fc9a8,"[0.0, 1.0]",,merge,1.0
381550383,9285a965-a672-49db-9f49-b43a229fc9a8,"[0.0, 1.0]",,merge,1.0
381550384,9285a965-a672-49db-9f49-b43a229fc9a8,"[0.0, 1.0]",,merge,1.0
381550385,9285a965-a672-49db-9f49-b43a229fc9a8,"[0.0, 1.0]",,mixed,1.0
381550386,9285a965-a672-49db-9f49-b43a229fc9a8,"[0.0, 1.0]",,mixed,1.0
381550387,9285a965-a672-49db-9f49-b43a229fc9a8,"[0.0, 1.0]",,mixed,1.0
381550388,9285a965-a672-49db-9f49-b43a229fc9a8,"[0.0, 1.0]",,mixed,1.0
381550389,9285a965-a672-49db-9f49-b43a229fc9a8,"[0.0, 1.0]",,merge,1.0
381550390,9285a965-a672-49db-9f49-b43a229fc9a8,"[0.0, 1.0]",,mixed,1.0
381550391,9285a965-a672-49db-9f49-b43a229fc9a8,"[0.0, 1.0]",,mixed,1.0
381550392,2baecbb5-eb56-459a-a758-97d2e2851874,"[0.0, 1.0]",,split,0.759
381550393,c9515419-5a0f-43cf-bc29-ee21cccb1fa2,"[0.0, 1.0]",,split,0.705
381550394,9d03a58d-6b89-49c8-ae4b-b11937e39fd4,"[0.0, 1.0]",,merge,1.0
381550395,9d03a58d-6b89-49c8-ae4b-b11937e39fd4,"[0.0, 1.0]",,merge,1.0
381550396,9d03a58d-6b89-49c8-ae4b-b11937e39fd4,"[0.0, 1.0]",,mixed,0.675
381550397,79c81d0c-bf08-4fe0-af55-4c90b468900b,"[0.0, 1.0]",,clean,1.0
381550398,,"[0.0, 1.0]",,unmatched,0.0
381551137,b9ecb0b5-9cd4-40cf-92d1-41b616e2cc36,"[0.0, 1.0]",,split,1.0
381551148,5edf2fe1-a9da-4071-ae73-dc1b8a237173,"[0.0, 1.0]",,split,1.0
381551159,61b6a447-0139-438b-8442-b4e8a65f5899,"[0.0, 1.0]",,mixed,0.697
381551170,61b6a447-0139-438b-8442-b4e8a65f5899,"[0.0, 1.0]",,merge,1.0
381551181,38947683-f495-4b45-ba5e-53c4f955face,"[0.0, 1.0]",,clean,0.882
381551454,0b12c97e-9c74-4606-a70c-8c8f253c12d1,"[0.0, 1.0]",,split,1.0
381551456,458eee5b-1946-4879-9516-4f1a94e0a852,"[0.0, 1.0]",,split,1.0
381551457,e47f7a83-e633-4245-bac6-60cff2c00469,"[0.0, 1.0]",,split,0.683
381551458,,"[0.0, 1.0]",,unmatched,0.0
381552064,f39b7a7a-2ad1-42e8-9024-d033b81cd0c7,"[0.0, 1.0]",,merge,1.0
381552065,f39b7a7a-2ad1-42e8-9024-d033b81cd0c7,"[0.0, 1.0]",,merge,1.0
381552066,f39b7a7a-2ad1-42e8-9024-d033b81cd0c7,"[0.0, 1.0]",,merge,1.0
381552067,f39b7a7a-2ad1-42e8-9024-d033b81cd0c7,"[0.0, 1.0]",,merge,1.0
381552068,f39b7a7a-2ad1-42e8-9024-d033b81cd0c7,"[0.0, 1.0]",,merge,1.0
381552069,f39b7a7a-2ad1-42e8-9024-d033b81cd0c7,"[0.0, 1.0]",,merge,1.0
381552070,f39b7a7a-2ad1-42e8-9024-d033b81cd0c7,"[0.0, 1.0]",,merge,1.0
381552071,f39b7a7a-2ad1-42e8-9024-d033b81cd0c7,"[0.0, 1.0]",,merge,1.0
381552072,f39b7a7a-2ad1-42e8-9024-d033b81cd0c7,"[0.0, 1.0]",,merge,1.0
381552150,dedd59d2-adcb-4fc0-bc55-d2f6ff18934b,"[0.0, 1.0]",,split,1.0
381552151,702d8182-0afe-4e5e-aae5-4ef1c8af26ae,"[0.0, 1.0]",,split,0.864
381552152,5052babd-67d5-4ecf-bdf7-85f70012d4da,"[0.0, 1.0]",,merge,1.0
381552153,5052babd-67d5-4ecf-bdf7-85f70012d4da,"[0.0, 1.0]",,mixed,1.0
381552154,5052babd-67d5-4ecf-bdf7-85f70012d4da,"[0.0, 1.0]",,mixed,1.0
381552155,5052babd-67d5-4ecf-bdf7-85f70012d4da,"[0.0, 1.0]",,mixed,1.0
381552156,5052babd-67d5-4ecf-bdf7-85f70012d4da,"[0.0, 1.0]",,mixed,1.0
381552157,5052babd-67d5-4ecf-bdf7-85f70012d4da,"[0.0, 1.0]",,mixed,1.0
381552158,5052babd-67d5-4ecf-bdf7-85f70012d4da,"[0.0, 1.0]",,mixed,1.0
381552159,5052babd-67d5-4ecf-bdf7-85f70012d4da,"[0.0, 1.0]",,mixed,1.0
381552160,d2f3c9f8-0e28-47fd-8423-552092c998c9,"[0.0, 1.0]",,mixed,1.0
381552161,d2f3c9f8-0e28-47fd-8423-552092c998c9,"[0.0, 1.0]",,mixed,1.0
381552162,3287b045-d20e-4b7d-ad20-6474ef841da3,"[0.0, 1.0]",,split,0.983
381552163,f13a6236-3e14-46c0-8ad6-52e33d188081,"[0.0, 1.0]",,mixed,1.0
381552164,f13a6236-3e14-46c0-8ad6-52e33d188081,"[0.0, 1.0]",,mixed,1.0
381552165,f13a6236-3e14-46c0-8ad6-52e33d188081,"[0.0, 1.0]",,merge,1.0
381552166,f13a6236-3e14-46c0-8ad6-52e33d188081,"[0.0, 1.0]",,merge,1.0
381552167,f13a6236-3e14-46c0-8ad6-52e33d188081,"[0.0, 1.0]",,merge,1.0
381552168,e97d7796-d589-4327-9abb-324e4f3bee58,"[0.0, 1.0]",,mixed,1.0
381552169,2fd3dae7-26c5-48cd-91b7-51a2becb04af,"[0.0, 1.0]",,split,1.0
381552170,e97d7796-d589-4327-9abb-324e4f3bee58,"[0.0, 1.0]",,mixed,1.0
381552171,e97d7796-d589-4327-9abb-324e4f3bee58,"[0.0, 1.0]",,mixed,1.0
381552172,c24fc601-e2f0-4aa8-8370-51d479efa6f8,"[0.0, 1.0]",,split,1.0
381552173,e97d7796-d589-4327-9abb-324e4f3bee58,"[0.0, 1.0]",,mixed,1.0
381552174,e97d7796-d589-4327-9abb-324e4f3bee58,"[0.0, 1.0]",,mixed,1.0
381552175,e97d7796-d589-4327-9abb-324e4f3bee58,"[0.0, 1.0]",,mixed,1.0
381552176,375c936a-d40f-4f24-86cf-e1dc0364abe3,"[0.0, 1.0]",,mixed,1.0
381552177,375c936a-d40f-4f24-86cf-e1dc0364abe3,"[0.0, 1.0]",,mixed,1.0
381552178,375c936a-d40f-4f24-86cf-e1dc0364abe3,"[0.0, 1.0]",,mixed,1.0
381552179,375c936a-d40f-4f24-86cf-e1dc0364abe3,"[0.0, 1.0]",,mixed,1.0
381552180,d5e136cd-e17a-4c30-9a0b-fe53c7728052,"[0.0, 1.0]",,mixed,1.0
381552181,4b773665-9d77-411d-b335-b553eb63317f,"[0.0, 1.0]",,mixed,1.0
381552182,4b773665-9d77-411d-b335-b553eb63317f,"[0.0, 1.0]",,mixed,1.0
381552183,d5e136cd-e17a-4c30-9a0b-fe53c7728052,"[0.0, 1.0]",,mixed,1.0
381552184,d5e136cd-e17a-4c30-9a0b-fe53c7728052,"[0.0, 1.0]",,mixed,1.0
381552185,d5e136cd-e17a-4c30-9a0b-fe53c7728052,"[0.0, 1.0]",,mixed,1.0
381552186,4b773665-9d77-411d-b335-b553eb63317f,"[0.0, 1.0]",,mixed,1.0
381552187,43c03522-fb01-4997-8c47-777553d9eaf9,"[0.0, 1.0]",,mixed,1.0
381552188,43c03522-fb01-4997-8c47-777553d9eaf9,"[0.0, 1.0]",,mixed,1.0
381552189,4b773665-9d77-411d-b335-b553eb63317f,"[0.0, 1.0]",,mixed,1.0
381552190,8534ad69-a3ad-430d-944b-5700c83bd8d8,"[0.0, 1.0]",,mixed,1.0
381552191,8534ad69-a3ad-430d-944b-5700c83bd8d8,"[0.0, 1.0]",,mixed,1.0
381552192,8534ad69-a3ad-430d-944b-5700c83bd8d8,"[0.0, 1.0]",,mixed,1.0
381552193,6ae012f2-168f-4ffa-a78e-9bfbc04abee8,"[0.0, 1.0]",,merge,0.867
381552194,6ae012f2-168f-4ffa-a78e-9bfbc04abee8,"[0.0, 1.0]",,mixed,1.0
381552195,6ae012f2-168f-4ffa-a78e-9bfbc04abee8,"[0.0, 1.0]",,mixed,1.0
381552196,6ae012f2-168f-4ffa-a78e-9bfbc04abee8,"[0.0, 1.0]",,mixed,1.0
381552197,dd51b30b-ed30-4db8-8c5b-dea2f8d78197,"[0.0, 1.0]",,split,0.731
381552198,f39b7a7a-2ad1-42e8-9024-d033b81cd0c7,"[0.0, 1.0]",,mixed,1.0
381552199,f39b7a7a-2ad1-42e8-9024-d033b81cd0c7,"[0.0, 1.0]",,merge,1.0
381552200,f39b7a7a-2ad1-42e8-9024-d033b81cd0c7,"[0.0, 1.0]",,merge,1.0
381552201,f39b7a7a-2ad1-42e8-9024-d033b81cd0c7,"[0.0, 1.0]",,merge,1.0
381552225,aba23d46-b723-49e8-a523-451219c63654,"[0.0, 1.0]",,merge,1.0
381552226,aba23d46-b723-49e8-a523-451219c63654,"[0.0, 1.0]",,merge,1.0
381552227,aba23d46-b723-49e8-a523-451219c63654,"[0.0, 1.0]",,merge,1.0
381552228,aba23d46-b723-49e8-a523-451219c63654,"[0.0, 1.0]",,merge,1.0
381552229,aba23d46-b723-49e8-a523-451219c63654,"[0.0, 1.0]",,merge,1.0
381552230,aba23d46-b723-49e8-a523-451219c63654,"[0.0, 1.0]",,merge,1.0
381552231,aba23d46-b723-49e8-a523-451219c63654,"[0.0, 1.0]",,merge,1.0
381552232,aba23d46-b723-49e8-a523-451219c63654,"[0.0, 1.0]",,merge,1.0
381552233,aba23d46-b723-49e8-a523-451219c63654,"[0.0, 1.0]",,merge,1.0
381552234,aba23d46-b723-49e8-a523-451219c63654,"[0.0, 1.0]",,merge,1.0
381552235,aba23d46-b723-49e8-a523-451219c63654,"[0.0, 1.0]",,merge,1.0
381552236,aba23d46-b723-49e8-a523-451219c63654,"[0.0, 1.0]",,merge,1.0
381552237,aba23d46-b723-49e8-a523-451219c63654,"[0.0, 1.0]",,merge,1.0
381552238,aba23d46-b723-49e8-a523-451219c63654,"[0.0, 1.0]",,mixed,0.947
381552239,483db47f-9236-45a1-9a8d-68dc2fd75df5,"[0.0, 1.0]",,split,1.0
381552240,5f2ee6f9-9633-4f77-a595-16bf89eb6cd8,"[0.0, 1.0]",,split,1.0
381552241,e025ff58-1472-4ef6-a4c2-cbf17898e6aa,"[0.0, 1.0]",,split,1.0
381552242,7f389449-b4fa-49ca-b015-8fbafb33a753,"[0.0, 1.0]",,merge,1.0
381552243,7f389449-b4fa-49ca-b015-8fbafb33a753,"[0.0, 1.0]",,merge,1.0
381552244,925df2f8-3d0a-4465-81e6-22ea7c2e6a4d,"[0.0, 1.0]",,split,1.0
381552245,7f389449-b4fa-49ca-b015-8fbafb33a753,"[0.0, 1.0]",,mixed,1.0
381552246,7f389449-b4fa-49ca-b015-8fbafb33a753,"[0.0, 1.0]",,mixed,1.0
381552247,3fdfb0a7-88d5-4496-9cad-4365a86d9c4b,"[0.0, 1.0]",,split,0.712
381552248,11c12ac3-a929-4d9d-ae69-25df8e93e59f,"[0.0, 1.0]",,mixed,1.0
381552249,11c12ac3-a929-4d9d-ae69-25df8e93e59f,"[0.0, 1.0]",,mixed,1.0
381552250,11c12ac3-a929-4d9d-ae69-25df8e93e59f,"[0.0, 1.0]",,mixed,1.0
381552251,b132a307-9b47-4809-a101-a10fc1992327,"[0.0, 1.0]",,mixed,1.0
381552252,b132a307-9b47-4809-a101-a10fc1992327,"[0.0, 1.0]",,mixed,1.0
381552253,b132a307-9b47-4809-a101-a10fc1992327,"[0.0, 1.0]",,mixed,1.0
381552254,b132a307-9b47-4809-a101-a10fc1992327,"[0.0, 1.0]",,merge,1.0
381552255,b132a307-9b47-4809-a101-a10fc1992327,"[0.0, 1.0]",,merge,1.0
381552256,e97d7796-d589-4327-9abb-324e4f3bee58,"[0.0, 1.0]",,mixed,1.0
381552257,31ffce61-ad04-4ee8-a07b-7f33687b0514,"[0.0, 1.0]",,mixed,1.0
381552258,e97d7796-d589-4327-9abb-324e4f3bee58,"[0.0, 1.0]",,mixed,1.0
381552259,e97d7796-d589-4327-9abb-324e4f3bee58,"[0.0, 1.0]",,mixed,1.0
381552260,e97d7796-d589-4327-9abb-324e4f3bee58,"[0.0, 1.0]",,mixed,1.0
381552261,e97d7796-d589-4327-9abb-324e4f3bee58,"[0.0, 1.0]",,mixed,1.0
381552262,e97d7796-d589-4327-9abb-324e4f3bee58,"[0.0, 1.0]",,mixed,1.0
381552263,e97d7796-d589-4327-9abb-324e4f3bee58,"[0.0, 1.0]",,mixed,1.0
381552264,31ffce61-ad04-4ee8-a07b-7f33687b0514,"[0.0, 1.0]",,mixed,1.0
381552265,31ffce61-ad04-4ee8-a07b-7f33687b0514,"[0.0, 1.0]",,mixed,1.0
381552266,3721b4ec-afd4-47f2-acab-4bb1c18b4663,"[0.0, 1.0]",,mixed,1.0
381552267,3721b4ec-afd4-47f2-acab-4bb1c18b4663,"[0.0, 1.0]",,mixed,1.0
381552268,0e1d513c-26d0-463b-ae34-2ca838090ae8,"[0.0, 1.0]",,mixed,1.0
381552269,0e1d513c-26d0-463b-ae34-2ca838090ae8,"[0.0, 1.0]",,mixed,1.0
381552270,0e1d513c-26d0-463b-ae34-2ca838090ae8,"[0.0, 1.0]",,mixed,1.0
381552271,0e1d513c-26d0-463b-ae34-2ca838090ae8,"[0.0, 1.0]",,mixed,1.0
381552272,0e1d513c-26d0-463b-ae34-2ca838090ae8,"[0.0, 1.0]",,mixed,1.0
381552273,0e1d513c-26d0-463b-ae34-2ca838090ae8,"[0.0, 1.0]",,mixed,1.0
381552274,59d720b6-c14b-48ad-97e4-0ed799833754,"[0.0, 1.0]",,split,1.0
381552275,08783b8c-9662-4006-9b94-b906a926d3a3,"[0.0, 1.0]",,mixed,1.0
381552276,08783b8c-9662-4006-9b94-b906a926d3a3,"[0.0, 1.0]",,mixed,1.0
381552277,08783b8c-9662-4006-9b94-b906a926d3a3,"[0.0, 1.0]",,mixed,1.0
381552278,08783b8c-9662-4006-9b94-b906a926d3a3,"[0.0, 1.0]",,mixed,1.0
381552279,08783b8c-9662-4006-9b94-b906a926d3a3,"[0.0, 1.0]",,mixed,1.0
381552280,08783b8c-9662-4006-9b94-b906a926d3a3,"[0.0, 1.0]",,mixed,1.0
381552281,08783b8c-9662-4006-9b94-b906a926d3a3,"[0.0, 1.0]",,mixed,1.0
381552282,08783b8c-9662-4006-9b94-b906a926d3a3,"[0.0, 1.0]",,merge,1.0
381552283,9d9f3d64-9463-4b0e-9fd7-90fe4723119d,"[0.0, 1.0]",,split,0.768
381552284,,"[0.0, 1.0]",,unmatched,0.0
381552420,4d78475d-a957-4b51-b48d-673abda9a7a4,"[0.0, 1.0]",,split,0.786
381552431,08975e6f-4f15-45c0-a381-8ac1c78ce05f,"[0.0, 1.0]",,split,1.0
381552442,7c8c84d9-bd35-4170-ac51-6db3d50af5c2,"[0.0, 1.0]",,split,1.0
381552446,014bf624-74c7-4639-ac09-25aad30983b9,"[0.0, 1.0]",,mixed,0.733
381552447,014bf624-74c7-4639-ac09-25aad30983b9,"[0.0, 1.0]",,mixed,1.0
381552448,014bf624-74c7-4639-ac09-25aad30983b9,"[0.0, 1.0]",,mixed,1.0
381552449,c5120754-ee10-461a-9bb7-a6a474d54b71,"[0.0, 1.0]",,split,0.773
381552450,9345d96e-9b12-4edb-97b2-8aa05f91d922,"[0.0, 1.0]",,split,1.0
381552451,f7c9017e-820d-4579-80a8-bc3f75a04285,"[0.0, 1.0]",,split,0.661
381552452,0149683b-9c62-461f-9261-2bc0df6eebe5,"[0.0, 1.0]",,mixed,1.0
381552453,0149683b-9c62-461f-9261-2bc0df6eebe5,"[0.0, 1.0]",,mixed,1.0
381552454,aba0f6ee-64f4-4745-a299-9a85e240e68e,"[0.0, 1.0]",,split,0.934
381552455,96f10d55-543e-495c-b2eb-9699ba27097c,"[0.0, 1.0]",,mixed,1.0
381552456,96f10d55-543e-495c-b2eb-9699ba27097c,"[0.0, 1.0]",,merge,1.0
381552457,96f10d55-543e-495c-b2eb-9699ba27097c,"[0.0, 1.0]",,mixed,1.0
381552458,c8e47ee5-b576-4784-8b9b-b1decc1acdc7,"[0.0, 1.0]",,merge,0.908
381552459,c8e47ee5-b576-4784-8b9b-b1decc1acdc7,"[0.0, 1.0]",,merge,1.0
381552460,c8e47ee5-b576-4784-8b9b-b1decc1acdc7,"[0.0, 1.0]",,merge,1.0
381552461,c8e47ee5-b576-4784-8b9b-b1decc1acdc7,"[0.0, 1.0]",,merge,1.0
381552462,c8e47ee5-b576-4784-8b9b-b1decc1acdc7,"[0.0, 1.0]",,merge,1.0
381552463,668199d1-e87e-4a87-9f9f-56994f18742f,"[0.0, 1.0]",,mixed,1.0
381552464,668199d1-e87e-4a87-9f9f-56994f18742f,"[0.0, 1.0]",,mixed,1.0
381552465,668199d1-e87e-4a87-9f9f-56994f18742f,"[0.0, 1.0]",,mixed,1.0
381552466,2ff89ce8-c024-46cd-9925-28611e4ba108,"[0.0, 1.0]",,merge,0.895
381552467,2ff89ce8-c024-46cd-9925-28611e4ba108,"[0.0, 1.0]",,merge,1.0
381552468,2ff89ce8-c024-46cd-9925-28611e4ba108,"[0.0, 1.0]",,merge,1.0
381552469,2ff89ce8-c024-46cd-9925-28611e4ba108,"[0.0, 1.0]",,merge,1.0
381552470,2ff89ce8-c024-46cd-9925-28611e4ba108,"[0.0, 1.0]",,merge,1.0
381552471,2ff89ce8-c024-46cd-9925-28611e4ba108,"[0.0, 1.0]",,merge,1.0
381552472,2ff89ce8-c024-46cd-9925-28611e4ba108,"[0.0, 1.0]",,merge,1.0
381552473,2ff89ce8-c024-46cd-9925-28611e4ba108,"[0.0, 1.0]",,merge,1.0
381552474,2ff89ce8-c024-46cd-9925-28611e4ba108,"[0.0, 1.0]",,merge,1.0
381552475,2ff89ce8-c024-46cd-9925-28611e4ba108,"[0.0, 1.0]",,merge,1.0
381552476,2ff89ce8-c024-46cd-9925-28611e4ba108,"[0.0, 1.0]",,merge,1.0
381552477,2ff89ce8-c024-46cd-9925-28611e4ba108,"[0.0, 1.0]",,merge,1.0
381552478,2ff89ce8-c024-46cd-9925-28611e4ba108,"[0.0, 1.0]",,merge,1.0
381552479,2ff89ce8-c024-46cd-9925-28611e4ba108,"[0.0, 1.0]",,merge,1.0
381552480,2ff89ce8-c024-46cd-9925-28611e4ba108,"[0.0, 1.0]",,mixed,1.0
381552481,2ff89ce8-c024-46cd-9925-28611e4ba108,"[0.0, 1.0]",,mixed,1.0
381552482,2ff89ce8-c024-46cd-9925-28611e4ba108,"[0.0, 1.0]",,merge,1.0
381552483,2ff89ce8-c024-46cd-9925-28611e4ba108,"[0.0, 1.0]",,mixed,1.0
381552669,37a3ce54-1c73-4f43-97a4-80a694edcc96,"[0.0, 1.0]",,merge,1.0
381552670,37a3ce54-1c73-4f43-97a4-80a694edcc96,"[0.0, 1.0]",,merge,1.0
381552671,37a3ce54-1c73-4f43-97a4-80a694edcc96,"[0.0, 1.0]",,merge,1.0
381552672,37a3ce54-1c73-4f43-97a4-80a694edcc96,"[0.0, 1.0]",,merge,1.0
381552673,37a3ce54-1c73-4f43-97a4-80a694edcc96,"[0.0, 1.0]",,merge,1.0
381552674,37a3ce54-1c73-4f43-97a4-80a694edcc96,"[0.0, 1.0]",,merge,1.0
381552675,37a3ce54-1c73-4f43-97a4-80a694edcc96,"[0.0, 1.0]",,merge,1.0
381552676,37a3ce54-1c73-4f43-97a4-80a694edcc96,"[0.0, 1.0]",,merge,1.0
381552677,37a3ce54-1c73-4f43-97a4-80a694edcc96,"[0.0, 1.0]",,merge,1.0
381552678,37a3ce54-1c73-4f43-97a4-80a694edcc96,"[0.0, 1.0]",,merge,1.0
381552679,37a3ce54-1c73-4f43-97a4-80a694edcc96,"[0.0, 1.0]",,merge,1.0
381552680,37a3ce54-1c73-4f43-97a4-80a694edcc96,"[0.0, 1.0]",,merge,1.0
381552681,37a3ce54-1c73-4f43-97a4-80a694edcc96,"[0.0, 1.0]",,merge,1.0
381552682,37a3ce54-1c73-4f43-97a4-80a694edcc96,"[0.0, 1.0]",,merge,1.0
381552683,37a3ce54-1c73-4f43-97a4-80a694edcc96,"[0.0, 1.0]",,merge,1.0
381552684,37a3ce54-1c73-4f43-97a4-80a694edcc96,"[0.0, 1.0]",,merge,1.0
381552685,37a3ce54-1c73-4f43-97a4-80a694edcc96,"[0.0, 1.0]",,merge,1.0
381552686,37a3ce54-1c73-4f43-97a4-80a694edcc96,"[0.0, 1.0]",,merge,0.883
381552687,ea69b188-32bb-430f-9fcc-c21639ddfc81,"[0.0, 1.0]",,mixed,1.0
381552688,ea69b188-32bb-430f-9fcc-c21639ddfc81,"[0.0, 1.0]",,mixed,1.0
381552689,13cff91a-c600-402e-8d1c-e0133bc0ff37,"[0.0, 1.0]",,merge,1.0
381552690,13cff91a-c600-402e-8d1c-e0133bc0ff37,"[0.0, 1.0]",,merge,1.0
381552691,13cff91a-c600-402e-8d1c-e0133bc0ff37,"[0.0, 1.0]",,merge,1.0
381552692,13cff91a-c600-402e-8d1c-e0133bc0ff37,"[0.0, 1.0]",,merge,1.0
381552693,13cff91a-c600-402e-8d1c-e0133bc0ff37,"[0.0, 1.0]",,mixed,1.0
381552694,13cff91a-c600-402e-8d1c-e0133bc0ff37,"[0.0, 1.0]",,mixed,1.0
381552695,c6b87c9e-988c-425d-afad-37f598090b03,"[0.0, 1.0]",,split,1.0
381552696,7cc68733-eb52-4819-8ff1-428f642e2eef,"[0.0, 1.0]",,split,0.706
381552697,479cd363-6db2-47a0-90aa-cd7acad451a2,"[0.0, 1.0]",,split,0.686
381552698,c061209a-cf8b-420c-9e61-aea418753075,"[0.0, 1.0]",,split,0.831
381552699,8d779e66-e01c-40fd-be40-9ff70a42159a,"[0.0, 1.0]",,split,0.828
381552700,53fd1397-bce2-4a39-add0-4022b4d0df39,"[0.0, 1.0]",,split,1.0
381552701,717b3da3-c640-4349-9831-e816a5788aa8,"[0.0, 1.0]",,split,0.938
381552702,7ea318e9-6247-4937-a493-77ddbde7b3bd,"[0.0, 1.0]",,split,0.767
381552703,9232975a-41f7-4524-b200-e075a2ffb773,"[0.0, 1.0]",,split,1.0
381552704,f5321926-0a24-47ba-a2d0-acb26f643870,"[0.0, 1.0]",,split,0.916
381552705,09261c1d-56d9-4f4c-9a7b-dc3b186b60fd,"[0.0, 1.0]",,split,0.836
381552706,e60bc51e-40e7-41cb-bf2b-ae28754e7c66,"[0.0, 1.0]",,mixed,0.884
381552707,e60bc51e-40e7-41cb-bf2b-ae28754e7c66,"[0.0, 1.0]",,mixed,1.0
381552708,,"[0.0, 1.0]",,unmatched,0.0
381553313,bb0d57d9-7ee3-47f3-b0aa-23156de55cb0,"[0.0, 1.0]",,mixed,0.866
381553320,fe85bfc8-67f4-4afe-b2cd-bfc818520a42,"[0.0, 1.0]",,mixed,1.0
381553321,fe85bfc8-67f4-4afe-b2cd-bfc818520a42,"[0.0, 1.0]",,mixed,1.0
381553322,fe85bfc8-67f4-4afe-b2cd-bfc818520a42,"[0.0, 1.0]",,mixed,1.0
381553323,fe85bfc8-67f4-4afe-b2cd-bfc818520a42,"[0.0, 1.0]",,merge,1.0
381553324,bb0d57d9-7ee3-47f3-b0aa-23156de55cb0,"[0.0, 1.0]",,mixed,1.0
381553325,fe85bfc8-67f4-4afe-b2cd-bfc818520a42,"[0.0, 1.0]",,merge,1.0
381553326,fe85bfc8-67f4-4afe-b2cd-bfc818520a42,"[0.0, 1.0]",,merge,1.0
381553327,fe85bfc8-67f4-4afe-b2cd-bfc818520a42,"[0.0, 1.0]",,merge,1.0
381553328,fe85bfc8-67f4-4afe-b2cd-bfc818520a42,"[0.0, 1.0]",,mixed,1.0
381553329,92c5d3bc-de12-4708-8d71-8a409ed4ad4b,"[0.0, 1.0]",,split,1.0
381553330,,"[0.0, 1.0]",,unmatched,0.0
381553331,c14108e2-1798-4f89-864f-d6eb9b9218ce,"[0.0, 1.0]",,clean,0.775
381553332,1330c0dc-6af7-45ab-b9ca-7bee8c9e2b63,"[0.0, 1.0]",,mixed,1.0
381553333,4f420879-8c95-4fa3-8f34-06473f799120,"[0.0, 1.0]",,clean,1.0
381553334,1330c0dc-6af7-45ab-b9ca-7bee8c9e2b63,"[0.0, 1.0]",,mixed,1.0
381553335,1330c0dc-6af7-45ab-b9ca-7bee8c9e2b63,"[0.0, 1.0]",,mixed,1.0
381553336,9c4a3e9c-0965-4516-92d8-48a896ced54d,"[0.0, 1.0]",,split,1.0
381553337,68207c3e-193b-43d1-901c-e53d3586a131,"[0.0, 1.0]",,mixed,1.0
381553338,d4490391-bbfd-4a55-b018-1b4ffeb578dd,"[0.0, 1.0]",,mixed,1.0
381553339,d4490391-bbfd-4a55-b018-1b4ffeb578dd,"[0.0, 1.0]",,mixed,0.759
381553340,d4490391-bbfd-4a55-b018-1b4ffeb578dd,"[0.0, 1.0]",,mixed,1.0
381553341,d4490391-bbfd-4a55-b018-1b4ffeb578dd,"[0.0, 1.0]",,mixed,1.0
381553342,f8f05c06-4be6-4728-b881-23803864298f,"[0.0, 1.0]",,mixed,1.0
381553343,f8f05c06-4be6-4728-b881-23803864298f,"[0.0, 1.0]",,mixed,1.0
381553344,f8f05c06-4be6-4728-b881-23803864298f,"[0.0, 1.0]",,mixed,1.0
381553345,f8f05c06-4be6-4728-b881-23803864298f,"[0.0, 1.0]",,mixed,1.0
381553346,f8f05c06-4be6-4728-b881-23803864298f,"[0.0, 1.0]",,mixed,1.0
381553347,f8f05c06-4be6-4728-b881-23803864298f,"[0.0, 1.0]",,mixed,1.0
381553348,f8f05c06-4be6-4728-b881-23803864298f,"[0.0, 1.0]",,mixed,1.0
381553349,638d6d44-0905-4736-addc-d40e0ce4a692,"[0.0, 1.0]",,split,0.913
381553350,bf046827-ef38-4840-b16b-7ba8a78da20c,"[0.0, 1.0]",,mixed,1.0
381553351,f4b8f24b-3a1b-4f48-a00e-8c17c67f8d38,"[0.0, 1.0]",,mixed,1.0
381553352,bf046827-ef38-4840-b16b-7ba8a78da20c,"[0.0, 1.0]",,mixed,1.0
381553353,f4b8f24b-3a1b-4f48-a00e-8c17c67f8d38,"[0.0, 1.0]",,mixed,1.0
381553354,f4b8f24b-3a1b-4f48-a00e-8c17c67f8d38,"[0.0, 1.0]",,mixed,1.0
381553355,f4b8f24b-3a1b-4f48-a00e-8c17c67f8d38,"[0.0, 1.0]",,mixed,1.0
381553356,f4b8f24b-3a1b-4f48-a00e-8c17c67f8d38,"[0.0, 1.0]",,mixed,1.0
381553357,f4b8f24b-3a1b-4f48-a00e-8c17c67f8d38,"[0.0, 1.0]",,mixed,1.0
381553358,f4b8f24b-3a1b-4f48-a00e-8c17c67f8d38,"[0.0, 1.0]",,mixed,1.0
381553359,f4b8f24b-3a1b-4f48-a00e-8c17c67f8d38,"[0.0, 1.0]",,mixed,1.0
381553360,f4b8f24b-3a1b-4f48-a00e-8c17c67f8d38,"[0.0, 1.0]",,mixed,1.0
381553361,f4b8f24b-3a1b-4f48-a00e-8c17c67f8d38,"[0.0, 1.0]",,mixed,1.0
381553370,a3ff5eb2-17e7-4fdf-992f-03cb046514cb,"[0.0, 1.0]",,mixed,1.0
381553374,9a5f48c7-55e4-4945-b2a6-14ba1b24325a,"[0.0, 1.0]",,mixed,1.0
381553375,9a5f48c7-55e4-4945-b2a6-14ba1b24325a,"[0.0, 1.0]",,mixed,1.0
381553376,ee7a1660-28f5-4b20-8826-592367fa7006,"[0.0, 1.0]",,mixed,1.0
381553377,9a5f48c7-55e4-4945-b2a6-14ba1b24325a,"[0.0, 1.0]",,mixed,1.0
381553378,799f928d-b02f-46a1-a576-7fe3b64cc29a,"[0.0, 1.0]",,mixed,1.0
381553379,ee7a1660-28f5-4b20-8826-592367fa7006,"[0.0, 1.0]",,merge,0.54
381553380,ee7a1660-28f5-4b20-8826-592367fa7006,"[0.0, 1.0]",,mixed,1.0
381553381,a3ff5eb2-17e7-4fdf-992f-03cb046514cb,"[0.0, 1.0]",,mixed,1.0
381553382,799f928d-b02f-46a1-a576-7fe3b64cc29a,"[0.0, 1.0]",,mixed,1.0
381553383,799f928d-b02f-46a1-a576-7fe3b64cc29a,"[0.0, 1.0]",,mixed,1.0
381553384,799f928d-b02f-46a1-a576-7fe3b64cc29a,"[0.0, 1.0]",,mixed,1.0
381553385,799f928d-b02f-46a1-a576-7fe3b64cc29a,"[0.0, 1.0]",,mixed,1.0
381553390,c84bff9d-0830-424f-a64b-19a22724f21c,"[0.0, 1.0]",,mixed,1.0
381553391,c84bff9d-0830-424f-a64b-19a22724f21c,"[0.0, 1.0]",,merge,1.0
381553392,d4490391-bbfd-4a55-b018-1b4ffeb578dd,"[0.0, 1.0]",,mixed,1.0
381553393,c84bff9d-0830-424f-a64b-19a22724f21c,"[0.0, 1.0]",,merge,1.0
381553394,c84bff9d-0830-424f-a64b-19a22724f21c,"[0.0, 1.0]",,mixed,1.0
381553401,68207c3e-193b-43d1-901c-e53d3586a131,"[0.0, 1.0]",,mixed,1.0
381553402,68207c3e-193b-43d1-901c-e53d3586a131,"[0.0, 1.0]",,mixed,1.0
381553403,68207c3e-193b-43d1-901c-e53d3586a131,"[0.0, 1.0]",,mixed,1.0
381553406,131414c1-f637-4893-83cf-d995574403b8,"[0.0, 1.0]",,mixed,1.0
381553407,131414c1-f637-4893-83cf-d995574403b8,"[0.0, 1.0]",,mixed,1.0
381553408,131414c1-f637-4893-83cf-d995574403b8,"[0.0, 1.0]",,mixed,1.0
381553409,131414c1-f637-4893-83cf-d995574403b8,"[0.0, 1.0]",,mixed,1.0
381553410,131414c1-f637-4893-83cf-d995574403b8,"[0.0, 1.0]",,mixed,1.0
381553411,131414c1-f637-4893-83cf-d995574403b8,"[0.0, 1.0]",,mixed,1.0
381553412,131414c1-f637-4893-83cf-d995574403b8,"[0.0, 1.0]",,mixed,1.0
381553413,131414c1-f637-4893-83cf-d995574403b8,"[0.0, 1.0]",,mixed,1.0
381553414,131414c1-f637-4893-83cf-d995574403b8,"[0.0, 1.0]",,mixed,1.0
381553415,131414c1-f637-4893-83cf-d995574403b8,"[0.0, 1.0]",,mixed,1.0
381553416,131414c1-f637-4893-83cf-d995574403b8,"[0.0, 1.0]",,mixed,1.0
381553417,d3f2c264-1033-4f20-8f74-b379b972d1c9,"[0.0, 1.0]",,split,0.712
381553418,fe922a12-7218-40dd-93c1-f45ad89d0907,"[0.0, 1.0]",,mixed,1.0
381553419,708f8a44-55bc-4063-99ba-23f6eafd1ab8,"[0.0, 1.0]",,split,1.0
381553420,fe922a12-7218-40dd-93c1-f45ad89d0907,"[0.0, 1.0]",,mixed,0.904
381553421,241efea2-82b0-4f5c-b605-813f801aeee9,"[0.0, 1.0]",,mixed,1.0
381553422,241efea2-82b0-4f5c-b605-813f801aeee9,"[0.0, 1.0]",,mixed,1.0
381553423,241efea2-82b0-4f5c-b605-813f801aeee9,"[0.0, 1.0]",,mixed,1.0
381553424,241efea2-82b0-4f5c-b605-813f801aeee9,"[0.0, 1.0]",,mixed,1.0
381553425,,"[0.0, 1.0]",,unmatched,0.0
381553426,38985e54-68f4-44b2-bba0-24dc8070a349,"[0.0, 1.0]",,mixed,1.0
381553427,38985e54-68f4-44b2-bba0-24dc8070a349,"[0.0, 1.0]",,mixed,1.0
381553428,38985e54-68f4-44b2-bba0-24dc8070a349,"[0.0, 1.0]",,mixed,1.0
381553429,38985e54-68f4-44b2-bba0-24dc8070a349,"[0.0, 1.0]",,mixed,1.0
381553430,38985e54-68f4-44b2-bba0-24dc8070a349,"[0.0, 1.0]",,mixed,1.0
381553431,38985e54-68f4-44b2-bba0-24dc8070a349,"[0.0, 1.0]",,mixed,1.0
381553432,38985e54-68f4-44b2-bba0-24dc8070a349,"[0.0, 1.0]",,mixed,1.0
381553433,,"[0.0, 1.0]",,unmatched,0.0
381553434,293229b8-ffda-459c-b4b9-01d220bd47d5,"[0.0, 1.0]",,split,1.0
381553435,38985e54-68f4-44b2-bba0-24dc8070a349,"[0.0, 1.0]",,mixed,1.0
381553436,38985e54-68f4-44b2-bba0-24dc8070a349,"[0.0, 1.0]",,mixed,1.0
381553437,38985e54-68f4-44b2-bba0-24dc8070a349,"[0.0, 1.0]",,mixed,1.0
381553438,26dc89dc-08a5-4ce6-8cee-68c6158c82a3,"[0.0, 1.0]",,split,1.0
381553439,38985e54-68f4-44b2-bba0-24dc8070a349,"[0.0, 1.0]",,mixed,1.0
381553539,5db20a2b-35ab-4e24-817e-64609aced573,"[0.0, 1.0]",,mixed,1.0
381553540,59c2938d-0c20-4b05-bfd5-daaeb349f46f,"[0.0, 1.0]",,mixed,1.0
381553541,59c2938d-0c20-4b05-bfd5-daaeb349f46f,"[0.0, 1.0]",,mixed,1.0
381553542,3799329a-c642-4c6a-8434-0b44ebee7fe0,"[0.0, 1.0]",,mixed,1.0
381553543,3799329a-c642-4c6a-8434-0b44ebee7fe0,"[0.0, 1.0]",,mixed,1.0
381553544,3799329a-c642-4c6a-8434-0b44ebee7fe0,"[0.0, 1.0]",,mixed,1.0
381553545,3799329a-c642-4c6a-8434-0b44ebee7fe0,"[0.0, 1.0]",,mixed,1.0
381553546,59c2938d-0c20-4b05-bfd5-daaeb349f46f,"[0.0, 1.0]",,merge,1.0
381553547,0bf45cc1-05f4-478d-87ba-e0b18d68ce85,"[0.0, 1.0]",,split,1.0
381553548,,"[0.0, 1.0]",,unmatched,0.0
381553549,c9249ddd-b912-4207-8fd2-a6c640d942af,"[0.0, 1.0]",,mixed,1.0
381553550,c9249ddd-b912-4207-8fd2-a6c640d942af,"[0.0, 1.0]",,mixed,1.0
381553551,03ef344a-dafb-4455-b53d-08826239a266,"[0.0, 1.0]",,split,1.0
381553552,59c2938d-0c20-4b05-bfd5-daaeb349f46f,"[0.0, 1.0]",,mixed,0.966
381553553,59c2938d-0c20-4b05-bfd5-daaeb349f46f,"[0.0, 1.0]",,mixed,1.0
381553554,7c4cceb7-acde-4763-87fb-9d5645b1e0c9,"[0.0, 1.0]",,split,1.0
381553555,59c2938d-0c20-4b05-bfd5-daaeb349f46f,"[0.0, 1.0]",,mixed,1.0
381553556,5db20a2b-35ab-4e24-817e-64609aced573,"[0.0, 1.0]",,mixed,1.0
381553557,aeb0a928-c768-4a3b-af48-5b30b4ecade6,"[0.0, 1.0]",,mixed,0.963
381553558,aeb0a928-c768-4a3b-af48-5b30b4ecade6,"[0.0, 1.0]",,merge,1.0
381553559,,"[0.0, 1.0]",,unmatched,0.0
381553560,283d91a8-1389-46cf-89f7-3dfa7e2ff1bb,"[0.0, 1.0]",,mixed,1.0
381553561,283d91a8-1389-46cf-89f7-3dfa7e2ff1bb,"[0.0, 1.0]",,mixed,1.0
381553562,,"[0.0, 1.0]",,unmatched,0.0
381553563,bd77a008-a3fe-4f1b-80d1-f1aae81f9b71,"[0.0, 1.0]",,split,0.894
381553564,8800fb1e-1c92-47b7-a430-b1c80aa8927a,"[0.0, 1.0]",,mixed,1.0
381553565,8800fb1e-1c92-47b7-a430-b1c80aa8927a,"[0.0, 1.0]",,mixed,1.0
381553566,492b8630-cb29-4908-b661-44561164c524,"[0.0, 1.0]",,split,0.884
381553567,14972234-adde-4c15-a724-341467897be0,"[0.0, 1.0]",,split,1.0
381553568,8cdfccda-cd49-424b-a304-0b3cccb0df38,"[0.0, 1.0]",,split,0.718
381553569,46a2a4e2-2d50-4ce2-a7a6-c785eea32e6c,"[0.0, 1.0]",,mixed,1.0
381553570,46a2a4e2-2d50-4ce2-a7a6-c785eea32e6c,"[0.0, 1.0]",,mixed,1.0
381553571,fc0b48b6-bb5a-47fc-8f7a-074909ecd271,"[0.0, 1.0]",,split,1.0
381553572,dc8e2c71-98b9-48ff-8b54-85cfcb7b60cd,"[0.0, 1.0]",,split,1.0
381553573,43348468-34d7-4107-9672-f9f6606acaab,"[0.0, 1.0]",,split,0.733
381553574,,"[0.0, 1.0]",,unmatched,0.0
381553575,06033451-cf49-40d7-b979-da0a9174cdd4,"[0.0, 1.0]",,split,1.0
381553576,97c7e76c-79c9-487a-94e5-e76db72f9a6b,"[0.0, 1.0]",,split,0.909
381553577,f1995b8a-4d5e-48b2-afe5-9a0805e3736a,"[0.0, 1.0]",,split,0.791
381553578,ad4b9a3a-aa19-4e20-ac87-292ee3e975a0,"[0.0, 1.0]",,split,0.928
381553579,41da47df-b999-4894-bbd9-cdef4363c430,"[0.0, 1.0]",,split,0.767
381553580,5081638f-a7bb-4e4f-93a6-00f63f0e96a3,"[0.0, 1.0]",,split,1.0
381553581,eeb87d75-77c9-47a1-8a0d-bcafffda94bd,"[0.0, 1.0]",,split,1.0
381553582,e1d9373a-d879-4ac3-b181-bfae2f17a672,"[0.0, 1.0]",,mixed,1.0
381553583,e1d9373a-d879-4ac3-b181-bfae2f17a672,"[0.0, 1.0]",,mixed,1.0
381553584,d34271f5-b19e-46c7-94da-4c60d1ee8005,"[0.0, 1.0]",,mixed,1.0
381553585,d34271f5-b19e-46c7-94da-4c60d1ee8005,"[0.0, 1.0]",,mixed,1.0
381553586,a773f22b-00c2-4534-8e34-905e082336eb,"[0.0, 1.0]",,split,1.0
381553587,4d8b42bc-e32d-4201-a4c6-1b526e57601e,"[0.0, 1.0]",,mixed,1.0
381553588,d5589316-5420-47dd-8d51-624d5db30682,"[0.0, 1.0]",,split,1.0
381553589,98b29464-7e35-4ca9-a622-f1da24a75bb1,"[0.0, 1.0]",,mixed,1.0
381553590,98b29464-7e35-4ca9-a622-f1da24a75bb1,"[0.0, 1.0]",,mixed,1.0
381553591,98b29464-7e35-4ca9-a622-f1da24a75bb1,"[0.0, 1.0]",,mixed,1.0
381553592,98b29464-7e35-4ca9-a622-f1da24a75bb1,"[0.0, 1.0]",,mixed,1.0
381553593,98b29464-7e35-4ca9-a622-f1da24a75bb1,"[0.0, 1.0]",,mixed,1.0
381553594,98b29464-7e35-4ca9-a622-f1da24a75bb1,"[0.0, 1.0]",,mixed,1.0
381553595,98b29464-7e35-4ca9-a622-f1da24a75bb1,"[0.0, 1.0]",,mixed,1.0
381553596,98b29464-7e35-4ca9-a622-f1da24a75bb1,"[0.0, 1.0]",,mixed,1.0
381553597,98b29464-7e35-4ca9-a622-f1da24a75bb1,"[0.0, 1.0]",,mixed,1.0
381553598,98b29464-7e35-4ca9-a622-f1da24a75bb1,"[0.0, 1.0]",,mixed,1.0
381553599,98b29464-7e35-4ca9-a622-f1da24a75bb1,"[0.0, 1.0]",,mixed,0.742
381553600,f96d68e8-41ef-45a5-89d2-79d284119c8b,"[0.0, 1.0]",,split,1.0
381553601,733b2583-aacc-4db3-bca6-3671ec2c1c6a,"[0.0, 1.0]",,mixed,1.0
381553602,733b2583-aacc-4db3-bca6-3671ec2c1c6a,"[0.0, 1.0]",,mixed,1.0
381553603,733b2583-aacc-4db3-bca6-3671ec2c1c6a,"[0.0, 1.0]",,mixed,1.0
381553604,733b2583-aacc-4db3-bca6-3671ec2c1c6a,"[0.0, 1.0]",,mixed,1.0
381553605,e67f1a8e-d0b3-44cd-bac1-6145c458db4e,"[0.0, 1.0]",,mixed,0.945
381553606,e67f1a8e-d0b3-44cd-bac1-6145c458db4e,"[0.0, 1.0]",,mixed,1.0
381553607,1669d1be-eb9f-45b5-b66d-b182c9e2356b,"[0.0, 1.0]",,mixed,0.995
381553608,1669d1be-eb9f-45b5-b66d-b182c9e2356b,"[0.0, 1.0]",,mixed,1.0
381553609,215042c8-ecbb-47d8-b02b-47cacc5592f5,"[0.0, 1.0]",,mixed,0.623
381553610,215042c8-ecbb-47d8-b02b-47cacc5592f5,"[0.0, 1.0]",,mixed,1.0
381553611,215042c8-ecbb-47d8-b02b-47cacc5592f5,"[0.0, 1.0]",,mixed,1.0
381553612,,"[0.0, 1.0]",,unmatched,0.0
381553613,,"[0.0, 1.0]",,unmatched,0.0
381553614,4d8b42bc-e32d-4201-a4c6-1b526e57601e,"[0.0, 1.0]",,mixed,1.0
381553615,69abd419-20bb-42a1-822c-05052488eb73,"[0.0, 1.0]",,split,0.943
381553616,1f050357-b1fc-4a51-8906-e0f1fb560375,"[0.0, 1.0]",,split,1.0
381553617,6c8ec9f4-eeb1-4aae-9529-a108492a91e6,"[0.0, 1.0]",,split,0.919
381553618,e1d9373a-d879-4ac3-b181-bfae2f17a672,"[0.0, 1.0]",,mixed,1.0
381553619,e1d9373a-d879-4ac3-b181-bfae2f17a672,"[0.0, 1.0]",,mixed,1.0
381553620,,"[0.0, 1.0]",,unmatched,0.0
381553621,215042c8-ecbb-47d8-b02b-47cacc5592f5,"[0.0, 1.0]",,mixed,1.0
381553622,3a282f5c-4dbb-4c6e-9b46-b1c1883b4d70,"[0.0, 1.0]",,split,1.0
381553623,215042c8-ecbb-47d8-b02b-47cacc5592f5,"[0.0, 1.0]",,mixed,1.0
381553624,9437142a-15a1-48f6-a496-3ff19742a801,"[0.0, 1.0]",,split,0.942
381553625,1669d1be-eb9f-45b5-b66d-b182c9e2356b,"[0.0, 1.0]",,mixed,1.0
381553626,782f2c63-7341-485c-8084-b46b30c298ac,"[0.0, 1.0]",,split,0.938
381553627,8be7a52c-3a45-48b5-aad9-89f2e5aad4b6,"[0.0, 1.0]",,split,1.0
381553628,e95445ba-43e2-41e2-bae3-86d3faa7b4bf,"[0.0, 1.0]",,split,0.878
381553629,39b93e69-78ce-493b-9388-b0427180993e,"[0.0, 1.0]",,split,1.0
381553630,787421b1-628c-4f4e-ab9d-6317e538572b,"[0.0, 1.0]",,split,1.0
381553631,53bc1123-5bb6-4e74-bb47-45a8cf00f6ba,"[0.0, 1.0]",,split,0.866
381553632,a453d1e5-b86d-407e-92cf-d338e7c3618a,"[0.0, 1.0]",,split,0.831
381553633,e9b9aab7-a7ae-4639-a511-c5dc36d7105e,"[0.0, 1.0]",,split,0.668
381553634,41ee3e2e-e025-4985-a971-a91f00108022,"[0.0, 1.0]",,mixed,1.0
381553635,41ee3e2e-e025-4985-a971-a91f00108022,"[0.0, 1.0]",,mixed,1.0
381553636,41ee3e2e-e025-4985-a971-a91f00108022,"[0.0, 1.0]",,mixed,0.866
381553637,7c5b18fe-7836-4c6b-9c75-24392e4fcdf2,"[0.0, 1.0]",,mixed,1.0
381553638,7c5b18fe-7836-4c6b-9c75-24392e4fcdf2,"[0.0, 1.0]",,mixed,1.0
381553639,3eec0935-045a-4cd4-856a-37c0bb13599c,"[0.0, 1.0]",,mixed,1.0
381553640,3eec0935-045a-4cd4-856a-37c0bb13599c,"[0.0, 1.0]",,mixed,1.0
381553641,2873eca5-7b7a-46e8-9d7b-a08296da7674,"[0.0, 1.0]",,split,1.0
381553642,,"[0.0, 1.0]",,unmatched,0.0
381553643,a3634a70-4c6e-40eb-bba8-c5d1a0930d5c,"[0.0, 1.0]",,split,0.781
381553644,8e2ebfbb-3830-4c77-8df2-495e94d7249f,"[0.0, 1.0]",,split,0.604
381553645,eb3379b4-04d6-44f0-a7a9-fb5057920e68,"[0.0, 1.0]",,split,0.73
381553646,2d8aa402-c26e-4e42-9fcf-e7da3c1c3e3f,"[0.0, 1.0]",,split,0.917
381553647,9a2917d0-2527-425d-a535-925b7f9be21a,"[0.0, 1.0]",,split,1.0
381553648,f38c7116-4ac2-4b35-bfe7-8ff9e22ea6f4,"[0.0, 1.0]",,split,1.0
381553649,e199228a-3fab-4fce-98f0-993e8c66057e,"[0.0, 1.0]",,mixed,0.957
381553650,e199228a-3fab-4fce-98f0-993e8c66057e,"[0.0, 1.0]",,mixed,1.0
381553651,7a4dd615-b3a3-4937-b844-2ded7abcfe40,"[0.0, 1.0]",,split,1.0
381553652,,"[0.0, 1.0]",,unmatched,0.0
381553653,5cb00db3-b2a8-4672-8fbd-e25323060e79,"[0.0, 1.0]",,mixed,1.0
381553654,366ff8ce-807b-4dcd-b06b-93f5e3cc44ff,"[0.0, 1.0]",,split,1.0
381553655,4939340a-b7d3-4628-9f20-b52c5d8277c6,"[0.0, 1.0]",,split,1.0
381553656,7e936b48-1da1-4e92-91a1-65b57b053c9f,"[0.0, 1.0]",,mixed,0.978
381553657,15c29f13-d85f-42a3-8cc4-d6b7adeb747b,"[0.0, 1.0]",,split,0.65
381553658,9f4563be-7b40-4e9a-bc5e-c51d1a4b9449,"[0.0, 1.0]",,split,0.657
381553659,9312e055-42d0-4593-823c-ebefb5df98f3,"[0.0, 1.0]",,split,0.834
381553660,5347a6e2-ff7b-4658-aedf-cc1c98baf4bd,"[0.0, 1.0]",,split,1.0
381553661,925601bd-543c-4143-9bd6-60c67e51ee3d,"[0.0, 1.0]",,split,1.0
381553662,1e5a4b8f-d1d5-4856-ae86-6e793e5b1b2f,"[0.0, 1.0]",,split,0.966
381553663,fa72ebcc-b2ef-4e4f-acb2-60cdf97d7ebc,"[0.0, 1.0]",,split,0.966
381553664,e7c1f1e9-5401-4755-93bb-3ad6e9283c78,"[0.0, 1.0]",,split,0.723
381553665,1871c8db-dce2-4674-9610-226b6d34dedd,"[0.0, 1.0]",,mixed,1.0
381553666,1871c8db-dce2-4674-9610-226b6d34dedd,"[0.0, 1.0]",,mixed,1.0
381553667,168292f7-893a-4848-bd3d-c25e3ef77414,"[0.0, 1.0]",,split,1.0
381553668,44aa0458-a845-497f-89b8-f898885c6071,"[0.0, 1.0]",,mixed,0.955
381553669,44aa0458-a845-497f-89b8-f898885c6071,"[0.0, 1.0]",,mixed,0.613
381553670,099c3116-8837-419d-9c0b-c97491ea1f82,"[0.0, 1.0]",,split,0.947
381553671,7509477f-9a32-4ab5-8cec-715d220ea7b1,"[0.0, 1.0]",,split,1.0
381553672,f8b53e20-3a7a-48e4-8a32-8317d88aefa4,"[0.0, 1.0]",,mixed,1.0
381553673,f8b53e20-3a7a-48e4-8a32-8317d88aefa4,"[0.0, 1.0]",,mixed,0.578
381553674,1b267ab7-11f2-45d3-8413-b13d4d546403,"[0.0, 1.0]",,split,0.579
381553675,3c239e99-409a-4049-b28d-b6ccbb694429,"[0.0, 1.0]",,split,1.0
381553676,de011c5f-743e-47a4-8892-4700b4cd001d,"[0.0, 1.0]",,split,0.872
381553677,f3c67a90-6350-4747-8b5b-94c0ce332809,"[0.0, 1.0]",,split,1.0
381553678,,"[0.0, 1.0]",,unmatched,0.0
381553679,85ea1ff0-4d62-41e9-a7d8-75f14064866e,"[0.0, 1.0]",,split,0.747
381553680,0e2cc02f-28cc-46dd-9bba-08a76e984280,"[0.0, 1.0]",,split,0.721
381553681,e12f10b9-5a4c-4f82-8d58-28472fc1684e,"[0.0, 1.0]",,mixed,1.0
381553682,e12f10b9-5a4c-4f82-8d58-28472fc1684e,"[0.0, 1.0]",,mixed,1.0
381553683,a322ad24-6c93-4c92-923a-06d0914089b1,"[0.0, 1.0]",,split,0.782
381553684,be4efa8e-f8b9-4589-8254-dc96cc0b26cc,"[0.0, 1.0]",,split,1.0
381553685,cbf4c810-740a-4640-ac64-ab8c2006e324,"[0.0, 1.0]",,split,0.848
381553686,8c7c326a-e78c-4b08-81a0-cf2e70ea5947,"[0.0, 1.0]",,mixed,1.0
381553687,8c7c326a-e78c-4b08-81a0-cf2e70ea5947,"[0.0, 1.0]",,mixed,1.0
381553688,8c7c326a-e78c-4b08-81a0-cf2e70ea5947,"[0.0, 1.0]",,mixed,1.0
381553689,d3a22129-4fc3-4b28-9201-3d305047f07c,"[0.0, 1.0]",,split,1.0
381553690,8c7c326a-e78c-4b08-81a0-cf2e70ea5947,"[0.0, 1.0]",,mixed,1.0
381553691,8c7c326a-e78c-4b08-81a0-cf2e70ea5947,"[0.0, 1.0]",,mixed,0.84
381553692,5b9afb6c-67d6-4284-87f2-a9371e0acb72,"[0.0, 1.0]",,split,1.0
381553693,,"[0.0, 1.0]",,unmatched,0.0
381553694,bd423128-25c9-4736-a0e6-0249db8cbaa1,"[0.0, 1.0]",,split,0.779
381553695,8ec82645-fd18-4c00-b464-82507f5869e6,"[0.0, 1.0]",,split,0.715
381553696,6feb4302-b975-42be-81f5-c76dd3911caa,"[0.0, 1.0]",,split,0.618
381553697,3cb9b435-e02b-43d8-979f-ee4a43d10e69,"[0.0, 1.0]",,split,0.898
381553698,8da2f52c-c514-4bb5-8b3c-6a14cb812fae,"[0.0, 1.0]",,split,1.0
381553699,7a31e0ac-d66b-4e35-835a-66db811fb212,"[0.0, 1.0]",,split,1.0
381553707,dfe3fefb-ffa2-4a78-a03d-96dae1eb8e85,"[0.0, 1.0]",,mixed,0.892
381553708,dfe3fefb-ffa2-4a78-a03d-96dae1eb8e85,"[0.0, 1.0]",,mixed,1.0
381553709,9977d211-dabe-4a97-bafc-3f6db110527d,"[0.0, 1.0]",,split,0.817
381553710,172fab1e-b226-421b-a980-3df854f23cc6,"[0.0, 1.0]",,split,1.0
381553711,e05f91a4-7609-468f-9e2a-117c05233c41,"[0.0, 1.0]",,split,1.0
381553712,4f5e0f4f-6417-4c49-85a5-68c06c98c9bf,"[0.0, 1.0]",,split,0.64
381553713,4cbe9bc3-4e4b-41a9-beff-b025f43986b5,"[0.0, 1.0]",,clean,0.765
381553714,6036b5ea-a04d-4174-8de2-b49871c92a65,"[0.0, 1.0]",,clean,1.0
381553715,772a0d79-c25c-4858-a9e3-55e2716ac672,"[0.0, 1.0]",,clean,0.82
381553716,abb1d52e-fcfb-4277-800f-42c3425d6d47,"[0.0, 1.0]",,split,0.749
381553717,7a4243d6-e3ca-4d2c-8d55-3a1dfb9f40a6,"[0.0, 1.0]",,split,0.936
381553718,42898b70-9f4a-454a-a9dc-d13d9804f435,"[0.0, 1.0]",,split,1.0
381553719,a47cab65-eb59-4c21-95f7-4eb8a61fe07f,"[0.0, 1.0]",,mixed,1.0
381553720,a47cab65-eb59-4c21-95f7-4eb8a61fe07f,"[0.0, 1.0]",,mixed,0.699
381553721,0f0eaee0-0821-4b4f-9f81-f5e361ea226d,"[0.0, 1.0]",,split,0.695
381553722,a9001a40-eecf-41b3-a827-30bd6bc1022f,"[0.0, 1.0]",,split,0.949
381553723,1338cfb4-5290-48c4-9c39-2047fadac577,"[0.0, 1.0]",,mixed,0.678
381553724,1338cfb4-5290-48c4-9c39-2047fadac577,"[0.0, 1.0]",,mixed,1.0
381553725,90c82d20-431e-465c-bc54-2a2f1549875e,"[0.0, 1.0]",,split,0.96
381553726,de4c1cd6-195a-4a7c-8e03-0c497e304121,"[0.0, 1.0]",,split,1.0
381553727,e207014a-2008-42de-8f9f-5a3080e3d69c,"[0.0, 1.0]",,split,1.0
381553728,06a495f6-3c96-4a73-bf44-e167917e2672,"[0.0, 1.0]",,mixed,0.868
381553729,06a495f6-3c96-4a73-bf44-e167917e2672,"[0.0, 1.0]",,mixed,0.698
381553730,b2604561-bb20-426d-b6c2-8760bcfbe51a,"[0.0, 1.0]",,mixed,1.0
381553731,b2604561-bb20-426d-b6c2-8760bcfbe51a,"[0.0, 1.0]",,mixed,0.719
381553732,b2ed4c3d-2625-4380-bcbd-58ade95cf3dc,"[0.0, 1.0]",,split,1.0
381553733,026c1578-f753-41e7-9e9f-7af09d707b13,"[0.0, 1.0]",,split,1.0
381553734,5a02330c-01b0-454b-ba74-631404428a66,"[0.0, 1.0]",,split,1.0
381553735,c5bcb3d1-bdb2-46ce-a062-e4024bba362d,"[0.0, 1.0]",,split,1.0
381553736,1df00aaa-3baf-4af5-8185-aa787ed21020,"[0.0, 1.0]",,split,1.0
381553774,f3ce860a-64e0-4fd5-86f8-fd3cf98ec123,"[0.0, 1.0]",,mixed,1.0
381553775,f3ce860a-64e0-4fd5-86f8-fd3cf98ec123,"[0.0, 1.0]",,mixed,0.848
381553776,,"[0.0, 1.0]",,unmatched,0.0
381553954,8f1fd6f6-e6e0-4f3b-ae19-272715d51bf6,"[0.0, 1.0]",,split,1.0
381553955,763654f5-5ddd-4bab-899a-947383554156,"[0.0, 1.0]",,split,0.909
381553956,64e1aa98-c9d5-4905-836b-f553c631710a,"[0.0, 1.0]",,split,1.0
381553957,b76581eb-cfdf-4a0a-951b-e4e486d6ef05,"[0.0, 1.0]",,split,0.922
381553958,,"[0.0, 1.0]",,unmatched,0.0
381553959,1a72cadf-251b-41aa-a35c-8976cb6f5de0,"[0.0, 1.0]",,merge,0.553
381553960,cd1b3c2d-ef0a-4869-ad71-bf419b360320,"[0.0, 1.0]",,split,0.691
381553961,9258d92f-e77d-40ca-b708-a42fd2a621e5,"[0.0, 1.0]",,split,0.771
381553962,0c4b102f-f6d7-4b8d-8917-86e879092519,"[0.0, 1.0]",,split,0.874
381553963,e4d2feb2-afc4-4e89-83fe-c23098939089,"[0.0, 1.0]",,split,0.915
381553964,3de05500-50b4-44f1-8310-f045d030c99f,"[0.0, 1.0]",,split,0.985
381553965,3cbf29f4-1f9b-43fd-93b6-b3e03ea270e6,"[0.0, 1.0]",,mixed,1.0
381553966,274cc3bb-727f-43b2-b6ff-f5288333f404,"[0.0, 1.0]",,mixed,0.884
381553967,274cc3bb-727f-43b2-b6ff-f5288333f404,"[0.0, 1.0]",,mixed,1.0
381553968,76b51684-733f-45d0-bf45-e60cd5c501ef,"[0.0, 1.0]",,split,0.789
381553969,527cdbf0-49f0-4dca-b048-34b55c901353,"[0.0, 1.0]",,split,1.0
381553970,,"[0.0, 1.0]",,unmatched,0.0
381553971,f8c0ce8c-9e51-4665-a2ba-772568a61898,"[0.0, 1.0]",,split,1.0
381553972,6c7e73e2-6b02-4a51-9e40-a01d26c3fc2f,"[0.0, 1.0]",,split,0.826
381553973,199e3837-af8f-4232-aa61-de73101e1a7c,"[0.0, 1.0]",,mixed,1.0
381553974,199e3837-af8f-4232-aa61-de73101e1a7c,"[0.0, 1.0]",,mixed,1.0
381553975,ef7e7413-b2e9-4802-826e-3c2b52512447,"[0.0, 1.0]",,split,0.892
381553976,c33d785f-1e44-4d7f-907d-9e6c7f44143d,"[0.0, 1.0]",,split,1.0
381553977,558a0a6a-a4c0-429f-80ba-e3c51c51e79e,"[0.0, 1.0]",,split,0.622
381553978,3cbf29f4-1f9b-43fd-93b6-b3e03ea270e6,"[0.0, 1.0]",,mixed,1.0
381553979,ef49c32f-fda7-48fa-8542-e9eb20e20b6b,"[0.0, 1.0]",,split,1.0
381553980,a7bcfb02-86c0-4912-a9c2-060dfc344796,"[0.0, 1.0]",,split,0.939
381553981,afdda193-fb88-426e-b29c-0e1e3ecb2dfe,"[0.0, 1.0]",,split,0.865
381553982,448ccd10-c238-4142-962e-be5604838fe8,"[0.0, 1.0]",,split,0.766
381553983,c64ab11f-c6f0-489d-a25c-93126f4b91be,"[0.0, 1.0]",,split,0.658
381553984,1a72cadf-251b-41aa-a35c-8976cb6f5de0,"[0.0, 1.0]",,mixed,0.693
381553985,,"[0.0, 1.0]",,unmatched,0.0
381553986,aaaaaf60-6fff-4027-8c9c-6a757b62accc,"[0.0, 1.0]",,split,1.0
381553987,2ea92c6a-9c5d-4820-bc13-be2fa0bb816a,"[0.0, 1.0]",,split,0.728
381553988,c76b9265-fb49-487b-85f0-2ef899ee1c01,"[0.0, 1.0]",,mixed,1.0
381553989,c76b9265-fb49-487b-85f0-2ef899ee1c01,"[0.0, 1.0]",,mixed,0.885
381553990,2cbcab8d-028c-4b3a-bfc2-83863c6d56d7,"[0.0, 1.0]",,mixed,1.0
381553991,2cbcab8d-028c-4b3a-bfc2-83863c6d56d7,"[0.0, 1.0]",,mixed,1.0
381553992,2cbcab8d-028c-4b3a-bfc2-83863c6d56d7,"[0.0, 1.0]",,mixed,1.0
381553993,9bfa4908-b91e-4ce2-81ee-e9abe26490d9,"[0.0, 1.0]",,split,0.87
381553994,682c485f-87d2-4bfb-9d49-c76f8f4fe02d,"[0.0, 1.0]",,split,1.0
381553995,2cbcab8d-028c-4b3a-bfc2-83863c6d56d7,"[0.0, 1.0]",,mixed,1.0
381553996,2cbcab8d-028c-4b3a-bfc2-83863c6d56d7,"[0.0, 1.0]",,mixed,1.0
381553997,2cbcab8d-028c-4b3a-bfc2-83863c6d56d7,"[0.0, 1.0]",,mixed,1.0
381553998,2cbcab8d-028c-4b3a-bfc2-83863c6d56d7,"[0.0, 1.0]",,mixed,1.0
381553999,f14a1f5a-395d-4bbb-8009-da4f4cec435a,"[0.0, 1.0]",,split,1.0
381554000,2cbcab8d-028c-4b3a-bfc2-83863c6d56d7,"[0.0, 1.0]",,mixed,1.0
381554001,3f0007f0-6a0f-4af7-a83f-d6bf549bbbf8,"[0.0, 1.0]",,split,0.828
381554002,4f4e35c9-301a-4d48-bcf6-6757c0ddf0ee,"[0.0, 1.0]",,mixed,1.0
381554003,,"[0.0, 1.0]",,unmatched,0.0
381554004,88c7dada-aef9-49a6-98ec-538cf4fbf41b,"[0.0, 1.0]",,split,1.0
381554005,17124268-878b-4f86-87f2-235b6f113320,"[0.0, 1.0]",,split,1.0
381554006,44aae7f0-17e6-47d2-8b06-15f041c31952,"[0.0, 1.0]",,split,0.703
381554007,1cfcfe71-daba-4ef2-854e-087c378b1d62,"[0.0, 1.0]",,mixed,1.0
381554008,1cfcfe71-daba-4ef2-854e-087c378b1d62,"[0.0, 1.0]",,mixed,0.78
381554009,2cbcab8d-028c-4b3a-bfc2-83863c6d56d7,"[0.0, 1.0]",,mixed,1.0
381554010,2cbcab8d-028c-4b3a-bfc2-83863c6d56d7,"[0.0, 1.0]",,mixed,1.0
381554011,2cbcab8d-028c-4b3a-bfc2-83863c6d56d7,"[0.0, 1.0]",,mixed,1.0
381554012,37c17e2c-4469-463e-b100-87aa9c379ade,"[0.0, 1.0]",,split,1.0
381554013,ebbfb4ec-f784-48e0-9274-0a50ddfdd076,"[0.0, 1.0]",,mixed,1.0
381554014,ebbfb4ec-f784-48e0-9274-0a50ddfdd076,"[0.0, 1.0]",,mixed,1.0
381554015,ebbfb4ec-f784-48e0-9274-0a50ddfdd076,"[0.0, 1.0]",,mixed,1.0
381554016,ebbfb4ec-f784-48e0-9274-0a50ddfdd076,"[0.0, 1.0]",,mixed,1.0
381554017,ebbfb4ec-f784-48e0-9274-0a50ddfdd076,"[0.0, 1.0]",,mixed,1.0
381554018,f4127dcb-601b-4df3-a96f-fb9ba02a66d1,"[0.0, 1.0]",,split,0.791
381554019,54bc0d43-1bd5-46e6-982c-a719de3aafad,"[0.0, 1.0]",,split,0.721
381554020,9133fc08-7659-468e-937d-cdbfef0d9204,"[0.0, 1.0]",,split,1.0
381554021,f30a6f3f-b065-4a69-bb68-9374377fe0f4,"[0.0, 1.0]",,split,0.648
381554022,8d8b3a71-e8a9-4cbe-b865-259864f33644,"[0.0, 1.0]",,split,1.0
381554023,ac41d1d3-af55-4a5a-aeb6-bcd52045d1b6,"[0.0, 1.0]",,split,0.935
381554024,,"[0.0, 1.0]",,unmatched,0.0
381554025,d8cb29e1-cec7-4087-b6d3-11a13281b3bc,"[0.0, 1.0]",,mixed,0.706
381554026,d8cb29e1-cec7-4087-b6d3-11a13281b3bc,"[0.0, 1.0]",,mixed,1.0
381554027,b74b54ae-0c1b-497a-b0dc-61fabfe6a990,"[0.0, 1.0]",,mixed,1.0
381554028,b74b54ae-0c1b-497a-b0dc-61fabfe6a990,"[0.0, 1.0]",,merge,1.0
381554029,b74b54ae-0c1b-497a-b0dc-61fabfe6a990,"[0.0, 1.0]",,mixed,1.0
381554030,b74b54ae-0c1b-497a-b0dc-61fabfe6a990,"[0.0, 1.0]",,mixed,1.0
381554031,f9df5ce4-9fb5-4d9d-acb8-292f75378dbe,"[0.0, 1.0]",,split,0.61
381554032,445380de-0bd1-4693-8374-bf83cd670d07,"[0.0, 1.0]",,split,0.963
381554033,0905a0a3-e648-4668-b191-46755c346463,"[0.0, 1.0]",,split,0.934
381554034,f86841a4-e2b1-4d30-b776-735eb5c9dff1,"[0.0, 1.0]",,mixed,1.0
381554035,f86841a4-e2b1-4d30-b776-735eb5c9dff1,"[0.0, 1.0]",,mixed,1.0
381554036,457a9ef0-e51e-4fd6-bd69-8f04d5eb79d7,"[0.0, 1.0]",,mixed,0.958
381554037,1cf2d58a-9717-4488-91af-af2a773a22e9,"[0.0, 1.0]",,mixed,1.0
381554038,1cf2d58a-9717-4488-91af-af2a773a22e9,"[0.0, 1.0]",,mixed,1.0
381554039,457a9ef0-e51e-4fd6-bd69-8f04d5eb79d7,"[0.0, 1.0]",,mixed,1.0
381554040,457a9ef0-e51e-4fd6-bd69-8f04d5eb79d7,"[0.0, 1.0]",,mixed,1.0
381554041,457a9ef0-e51e-4fd6-bd69-8f04d5eb79d7,"[0.0, 1.0]",,mixed,1.0
381554042,3a7b2118-5082-43e1-84a8-8947bb18cc8a,"[0.0, 1.0]",,split,0.665
381554043,457a9ef0-e51e-4fd6-bd69-8f04d5eb79d7,"[0.0, 1.0]",,mixed,1.0
381554044,8f774329-4304-4fe8-bded-2ced7c6e92f9,"[0.0, 1.0]",,split,0.889
381554045,87380dcc-5340-478d-af69-ca26edbf05c4,"[0.0, 1.0]",,split,1.0
381554046,9f3222e9-ff6a-413a-b2a3-06a0c96fb8cd,"[0.0, 1.0]",,split,0.905
381554047,f870a277-d34a-4d9b-bced-0fb0d40689a7,"[0.0, 1.0]",,split,1.0
381554048,605a692c-bac4-42f8-b816-7c79e0c0deb6,"[0.0, 1.0]",,split,1.0
381554049,54f57263-4e4d-4c07-9bf9-6e347296aff4,"[0.0, 1.0]",,split,1.0
381554050,,"[0.0, 1.0]",,unmatched,0.0
381554051,99727ab3-a84b-431d-9e87-0b15797025aa,"[0.0, 1.0]",,mixed,1.0
381554052,99727ab3-a84b-431d-9e87-0b15797025aa,"[0.0, 1.0]",,mixed,1.0
381554053,99727ab3-a84b-431d-9e87-0b15797025aa,"[0.0, 1.0]",,mixed,1.0
381554054,63f33228-f43b-4ee9-8a0b-2b7e0a575d20,"[0.0, 1.0]",,mixed,1.0
381554055,99727ab3-a84b-431d-9e87-0b15797025aa,"[0.0, 1.0]",,mixed,1.0
381554056,99727ab3-a84b-431d-9e87-0b15797025aa,"[0.0, 1.0]",,mixed,1.0
381554057,63f33228-f43b-4ee9-8a0b-2b7e0a575d20,"[0.0, 1.0]",,merge,1.0
381554058,7e78ab1d-27a7-4280-b949-dab82ca12840,"[0.0, 1.0]",,split,0.938
381554059,1aa8b2d3-e87f-4b81-bd34-ff7b1b4593e6,"[0.0, 1.0]",,split,0.623
381554060,fd200deb-9859-4365-a94d-cbc866425fb1,"[0.0, 1.0]",,split,0.813
381554061,1898e442-856b-4c98-9317-e6c4463a7027,"[0.0, 1.0]",,mixed,1.0
381554062,1898e442-856b-4c98-9317-e6c4463a7027,"[0.0, 1.0]",,mixed,1.0
381554063,de04fdbb-c3e3-4daf-8a7f-a037cebd9351,"[0.0, 1.0]",,mixed,0.676
381554064,de04fdbb-c3e3-4daf-8a7f-a037cebd9351,"[0.0, 1.0]",,mixed,1.0
381554065,e70ecbc0-b6f8-41d4-9000-d4f7424913a8,"[0.0, 1.0]",,mixed,1.0
381554066,e70ecbc0-b6f8-41d4-9000-d4f7424913a8,"[0.0, 1.0]",,mixed,1.0
381554067,,"[0.0, 1.0]",,unmatched,0.0
381554068,f6f38513-89d4-45b4-a915-f2d70fbbf5e4,"[0.0, 1.0]",,split,1.0
381554069,e2026e73-4297-4013-87f3-95aae2917366,"[0.0, 1.0]",,split,1.0
381554070,16c35e72-a368-4cee-880f-4e2fa15735cd,"[0.0, 1.0]",,split,0.847
381554071,2bb51170-1177-4234-a17a-808803569983,"[0.0, 1.0]",,split,0.54
381554072,6962e016-3fba-40fc-b7b8-28d216d8924a,"[0.0, 1.0]",,split,0.871
381554073,e2ccf0ef-63fc-4091-bcf5-05f6a1fa5503,"[0.0, 1.0]",,split,1.0
381554074,d6e3a230-b1d8-47e5-a245-ec1fa0c3a849,"[0.0, 1.0]",,split,1.0
381554075,f8b53e20-3a7a-48e4-8a32-8317d88aefa4,"[0.0, 1.0]",,mixed,0.879
381554076,b6a87837-bed9-49bd-b8f8-32449c60da06,"[0.0, 1.0]",,split,0.584
381554077,ea1fd835-8cd8-42f1-ae26-7caf746a50d7,"[0.0, 1.0]",,split,1.0
381554078,18391362-ff58-405c-8438-a04a1eeedba9,"[0.0, 1.0]",,split,1.0
381554079,48d53928-8ae0-49cf-b9ce-abfa800044fe,"[0.0, 1.0]",,split,0.795
381554080,6360a80b-eeef-4be6-b892-6d5dfe5bd7e5,"[0.0, 1.0]",,mixed,0.744
381554081,6360a80b-eeef-4be6-b892-6d5dfe5bd7e5,"[0.0, 1.0]",,mixed,1.0
381554082,6360a80b-eeef-4be6-b892-6d5dfe5bd7e5,"[0.0, 1.0]",,mixed,1.0
381554083,6360a80b-eeef-4be6-b892-6d5dfe5bd7e5,"[0.0, 1.0]",,mixed,1.0
381554084,b2d76786-68a9-4cb3-a1ba-8e7a829d5dbc,"[0.0, 1.0]",,mixed,0.773
381554085,b2d76786-68a9-4cb3-a1ba-8e7a829d5dbc,"[0.0, 1.0]",,mixed,0.681
381554086,f5cad80a-0839-4707-8d50-941d1f16289e,"[0.0, 1.0]",,split,0.716
381554087,7f837c25-23f6-443b-ba43-90d0213d084d,"[0.0, 1.0]",,split,0.962
381554088,1bc75de9-b6ba-4cb9-81e1-b2e6fc5b49bc,"[0.0, 1.0]",,split,1.0
381554089,97a9173f-5ad8-4442-8492-8009476689cc,"[0.0, 1.0]",,split,1.0
381554090,d8ff29c0-0733-4177-9d33-8e762aa32b03,"[0.0, 1.0]",,split,0.895
381554091,d85975c3-39e7-41c8-a3af-6ca23689a279,"[0.0, 1.0]",,split,0.779
381554092,7e936b48-1da1-4e92-91a1-65b57b053c9f,"[0.0, 1.0]",,mixed,0.677
381554093,,"[0.0, 1.0]",,unmatched,0.0
381554094,d823ae00-61e9-41ea-a1f4-6fc50a5ceac2,"[0.0, 1.0]",,split,0.974
381554095,3d4e377e-1fbe-443b-8757-dd5bf24a132f,"[0.0, 1.0]",,split,0.732
381554096,ed671331-dbd4-4739-8ab9-b277f53c7047,"[0.0, 1.0]",,mixed,1.0
381554097,ed671331-dbd4-4739-8ab9-b277f53c7047,"[0.0, 1.0]",,mixed,1.0
381554098,5e7309c5-04f9-4a64-8414-a390d16a6133,"[0.0, 1.0]",,split,1.0
381554099,071777d9-99c4-4008-9a58-43260822a53b,"[0.0, 1.0]",,split,1.0
381554100,977b2d16-86ac-4de1-b6da-61b231116d4d,"[0.0, 1.0]",,split,1.0
381554101,69fa1748-494e-456f-b065-5ef71a43d3b6,"[0.0, 1.0]",,split,1.0
381554102,01c946ec-2ba8-47c0-8779-955b87b4e2b8,"[0.0, 1.0]",,mixed,0.667
381554103,01c946ec-2ba8-47c0-8779-955b87b4e2b8,"[0.0, 1.0]",,mixed,1.0
381554104,b9b17f97-3d1d-4b81-907a-3396a77b3071,"[0.0, 1.0]",,split,0.663
381554105,9ee20abd-6085-4da1-8741-826cff76d435,"[0.0, 1.0]",,split,1.0
381554106,5d37db0f-108e-4e32-97f0-384d80dc56b7,"[0.0, 1.0]",,split,1.0
381554107,,"[0.0, 1.0]",,unmatched,0.0
381554108,8cc36759-8e09-428d-86cc-56c5ba925463,"[0.0, 1.0]",,split,0.966
381554109,057daec8-801a-41c2-b719-97013b15ca13,"[0.0, 1.0]",,split,1.0
381554110,ea86ae87-1f99-4f77-b873-d2ad322584a6,"[0.0, 1.0]",,mixed,0.946
381554111,ea86ae87-1f99-4f77-b873-d2ad322584a6,"[0.0, 1.0]",,mixed,1.0
381554112,538d4058-ed71-47ec-ac9c-75271519868b,"[0.0, 1.0]",,split,0.623
381554113,0d020f65-9205-4d20-9708-0f52a3013cb3,"[0.0, 1.0]",,split,1.0
381554114,cad6da2e-79ed-441e-9900-79ce59605061,"[0.0, 1.0]",,split,0.824
381554115,9c703aaa-4f3e-4bb4-8449-f4faa1f8ac62,"[0.0, 1.0]",,mixed,1.0
381554116,0b448284-d111-4066-8318-e9a21651fc45,"[0.0, 1.0]",,split,0.986
381554117,4ccdd031-0dd9-42a8-92b3-76f0a4514398,"[0.0, 1.0]",,split,0.772
381554118,b1daf0bb-0230-4075-97a3-86fbf651dd6d,"[0.0, 1.0]",,split,0.927
381554119,1e61a50f-2f76-4c51-a35d-6256132562b7,"[0.0, 1.0]",,split,0.984
381554120,f002baf4-996c-49c0-9e8f-f00d539f2563,"[0.0, 1.0]",,split,0.913
381554121,6277fd85-bbbe-47f0-ab0e-118009324dc0,"[0.0, 1.0]",,split,0.876
381554122,79361f78-3a35-477d-9935-9c61a0501218,"[0.0, 1.0]",,split,1.0
381554123,7a6c2679-021b-42b7-9e5b-c80d328a0e42,"[0.0, 1.0]",,split,0.937
381554124,ea1d35e7-9912-46dd-98bc-d17a7c26bd3b,"[0.0, 1.0]",,split,0.729
381554125,5482b459-155f-405e-ab00-27b8b4c810e4,"[0.0, 1.0]",,mixed,1.0
381554126,5482b459-155f-405e-ab00-27b8b4c810e4,"[0.0, 1.0]",,mixed,1.0
381554127,5482b459-155f-405e-ab00-27b8b4c810e4,"[0.0, 1.0]",,mixed,1.0
381554128,5482b459-155f-405e-ab00-27b8b4c810e4,"[0.0, 1.0]",,mixed,0.87
381554129,ea1fbc82-20db-4361-9e0c-1e96aa7e21af,"[0.0, 1.0]",,split,0.884
381554130,5efc479a-3ce5-462b-ba95-6ca784e148a4,"[0.0, 1.0]",,split,0.979
381554131,73ce3fa8-2e43-4a1d-9482-8b27e5e1a415,"[0.0, 1.0]",,mixed,1.0
381554132,73ce3fa8-2e43-4a1d-9482-8b27e5e1a415,"[0.0, 1.0]",,mixed,1.0
381554133,a624f5d4-a065-45a5-9127-7cc89bc1ddf6,"[0.0, 1.0]",,split,0.991
381554134,10201ba6-af11-41ed-8b55-fe8d9af67b8d,"[0.0, 1.0]",,mixed,1.0
381554135,10201ba6-af11-41ed-8b55-fe8d9af67b8d,"[0.0, 1.0]",,mixed,1.0
381554136,10201ba6-af11-41ed-8b55-fe8d9af67b8d,"[0.0, 1.0]",,mixed,1.0
381554137,5e793c25-a1aa-448b-bf29-4a73a2587a78,"[0.0, 1.0]",,split,0.814
381554138,fb9864c9-962f-4a4e-971a-74b3d93f8f3a,"[0.0, 1.0]",,split,1.0
381554139,3ac5f82b-fe8f-48f1-9512-64ebbe7a9241,"[0.0, 1.0]",,split,1.0
381554140,42a349f1-5fd5-4b3f-a78c-ee3e8642d905,"[0.0, 1.0]",,split,0.747
381554141,ef7bc982-4d41-4da9-8338-1e1c7dba2b20,"[0.0, 1.0]",,split,0.79
381554142,45b2797c-8365-494f-ad9c-4d53dffcc939,"[0.0, 1.0]",,split,0.781
381554143,dde23efc-7728-44da-80b8-18d6105bd588,"[0.0, 1.0]",,split,1.0
381554144,0e9b630a-3a52-4615-a9ee-0ca5b5d3d7a9,"[0.0, 1.0]",,split,0.832
381554145,5484af7f-2d39-4b1b-9103-cf9b79a53afc,"[0.0, 1.0]",,mixed,0.846
381554146,5484af7f-2d39-4b1b-9103-cf9b79a53afc,"[0.0, 1.0]",,mixed,1.0
381554147,cacc678f-893f-4403-9c81-40e961d10494,"[0.0, 1.0]",,split,1.0
381554148,5484af7f-2d39-4b1b-9103-cf9b79a53afc,"[0.0, 1.0]",,mixed,0.893
381554149,2de91df2-52e3-4ec7-b3f3-c7df6c90cbdf,"[0.0, 1.0]",,mixed,1.0
381554150,,"[0.0, 1.0]",,unmatched,0.0
381554151,6c1626c6-1e7a-4963-a6c2-986089e2622f,"[0.0, 1.0]",,split,1.0
381554152,9c703aaa-4f3e-4bb4-8449-f4faa1f8ac62,"[0.0, 1.0]",,mixed,1.0
381554153,7e810603-4b89-426b-8ee0-1d07bfa10914,"[0.0, 1.0]",,split,1.0
381554154,,"[0.0, 1.0]",,unmatched,0.0
381554155,bc674f99-f9b8-495c-a4fc-51b4c4597614,"[0.0, 1.0]",,split,0.737
381554156,8c9a09f8-171d-4f20-bb10-21ebee0a548c,"[0.0, 1.0]",,split,0.817
381554196,1cc61915-4581-40ba-87c5-db20a230a709,"[0.0, 1.0]",,mixed,0.781
381554197,1cc61915-4581-40ba-87c5-db20a230a709,"[0.0, 1.0]",,mixed,0.862
381554198,,"[0.0, 1.0]",,unmatched,0.0
381554199,dd94e077-adea-452f-9076-7f8850f5171f,"[0.0, 1.0]",,split,1.0
381554200,19fbe3b7-1c75-4e8d-a7f6-015fb7946e71,"[0.0, 1.0]",,mixed,0.994
381554201,dd6105a6-f66d-4e33-9bf1-c8efad40097b,"[0.0, 1.0]",,split,1.0
381554202,53e53f56-5d72-430a-a34b-97d1fa3690b7,"[0.0, 1.0]",,split,0.831
381554203,,"[0.0, 1.0]",,unmatched,0.0
381554204,d8cb29e1-cec7-4087-b6d3-11a13281b3bc,"[0.0, 1.0]",,mixed,0.952
381554205,25f7f4ae-bb07-4544-851a-bb447d93cc2a,"[0.0, 1.0]",,split,0.844
381554206,7c9572a6-f629-4713-9ed0-ec36bcc423ca,"[0.0, 1.0]",,mixed,1.0
381554207,7c9572a6-f629-4713-9ed0-ec36bcc423ca,"[0.0, 1.0]",,merge,1.0
381554208,7c9572a6-f629-4713-9ed0-ec36bcc423ca,"[0.0, 1.0]",,merge,1.0
381554209,7c9572a6-f629-4713-9ed0-ec36bcc423ca,"[0.0, 1.0]",,merge,1.0
381554210,7c9572a6-f629-4713-9ed0-ec36bcc423ca,"[0.0, 1.0]",,merge,1.0
381554211,72102e36-11eb-408a-92b2-2b0bf3ac7ba8,"[0.0, 1.0]",,clean,1.0
381554212,,"[0.0, 1.0]",,unmatched,0.0
381554213,19fbe3b7-1c75-4e8d-a7f6-015fb7946e71,"[0.0, 1.0]",,mixed,1.0
381554214,19fbe3b7-1c75-4e8d-a7f6-015fb7946e71,"[0.0, 1.0]",,mixed,1.0
381554215,0bf9c2e8-6fb4-4254-a102-824983db7cb1,"[0.0, 1.0]",,merge,1.0
381554216,0bf9c2e8-6fb4-4254-a102-824983db7cb1,"[0.0, 1.0]",,mixed,1.0
381554217,0bf9c2e8-6fb4-4254-a102-824983db7cb1,"[0.0, 1.0]",,mixed,1.0
381554218,,"[0.0, 1.0]",,unmatched,0.0
381554219,e4f0de5f-f56b-4373-84d3-2c5d5c21d1e6,"[0.0, 1.0]",,split,0.653
381554220,0bf9c2e8-6fb4-4254-a102-824983db7cb1,"[0.0, 1.0]",,merge,1.0
381554221,0bf9c2e8-6fb4-4254-a102-824983db7cb1,"[0.0, 1.0]",,mixed,1.0
381554222,7153faee-bf5a-45e3-a342-7aaaaa25c6a5,"[0.0, 1.0]",,merge,1.0
381554223,7153faee-bf5a-45e3-a342-7aaaaa25c6a5,"[0.0, 1.0]",,mixed,1.0
381554224,7153faee-bf5a-45e3-a342-7aaaaa25c6a5,"[0.0, 1.0]",,merge,1.0
381554225,7153faee-bf5a-45e3-a342-7aaaaa25c6a5,"[0.0, 1.0]",,mixed,1.0
381554226,7153faee-bf5a-45e3-a342-7aaaaa25c6a5,"[0.0, 1.0]",,mixed,1.0
381554227,7153faee-bf5a-45e3-a342-7aaaaa25c6a5,"[0.0, 1.0]",,mixed,1.0
381554228,22f7b072-dd12-4418-940f-fe0bbc533d48,"[0.0, 1.0]",,mixed,1.0
381554229,22f7b072-dd12-4418-940f-fe0bbc533d48,"[0.0, 1.0]",,mixed,1.0
381554230,,"[0.0, 1.0]",,unmatched,0.0
381554231,91430ad1-c26b-4135-ad80-71428c822743,"[0.0, 1.0]",,split,1.0
381554232,46714863-56b8-474f-a4b9-4292d3322cb5,"[0.0, 1.0]",,mixed,1.0
381554233,46714863-56b8-474f-a4b9-4292d3322cb5,"[0.0, 1.0]",,mixed,0.96
381554234,7153faee-bf5a-45e3-a342-7aaaaa25c6a5,"[0.0, 1.0]",,mixed,0.839
381554235,7153faee-bf5a-45e3-a342-7aaaaa25c6a5,"[0.0, 1.0]",,merge,1.0
381554236,331a11dd-e0fa-485e-a28c-15d022aea590,"[0.0, 1.0]",,mixed,0.926
381554237,331a11dd-e0fa-485e-a28c-15d022aea590,"[0.0, 1.0]",,mixed,0.642
381554238,395468c4-ed06-4818-8427-05b17cfedb7a,"[0.0, 1.0]",,mixed,1.0
381554239,5d0d4512-671e-4cd1-bc3b-583e8d935280,"[0.0, 1.0]",,split,1.0
381554240,11faa69a-d9c4-4108-9c5c-30d0c397c3b0,"[0.0, 1.0]",,mixed,1.0
381554241,11faa69a-d9c4-4108-9c5c-30d0c397c3b0,"[0.0, 1.0]",,mixed,1.0
381554242,395468c4-ed06-4818-8427-05b17cfedb7a,"[0.0, 1.0]",,mixed,1.0
381554243,,"[0.0, 1.0]",,unmatched,0.0
381554244,,"[0.0, 1.0]",,unmatched,0.0
381554245,3d201301-450d-4e3b-a5b5-051329bf5dea,"[0.0, 1.0]",,mixed,0.997
381554246,3d201301-450d-4e3b-a5b5-051329bf5dea,"[0.0, 1.0]",,mixed,1.0
381554247,11faa69a-d9c4-4108-9c5c-30d0c397c3b0,"[0.0, 1.0]",,mixed,1.0
381554248,824ba4e1-6b3e-4635-8a85-bc995ffe2d98,"[0.0, 1.0]",,split,0.915
381554249,de9f17b5-d16e-41ac-a6e7-f3f748863824,"[0.0, 1.0]",,split,1.0
381554250,aaa1a758-793c-47ca-a600-b11e5129466b,"[0.0, 1.0]",,split,1.0
381554251,a1892d07-0f9e-4cfb-a32f-2dbb892b7b08,"[0.0, 1.0]",,split,0.767
381554252,d2f0f7c6-73c4-44e8-bb9e-12da1895ba38,"[0.0, 1.0]",,mixed,1.0
381554253,8e2e60e6-d240-4d17-9590-c689158db47d,"[0.0, 1.0]",,split,1.0
381554254,de217b40-e84e-485f-b474-a62d3b95973d,"[0.0, 1.0]",,split,1.0
381554255,1f8bf0a9-b12d-4b0d-a5af-7dbb2db976fa,"[0.0, 1.0]",,split,0.656
381554256,62519b5d-0e37-49e3-8191-f3ca09664870,"[0.0, 1.0]",,split,1.0
381554257,,"[0.0, 1.0]",,unmatched,0.0
381554258,8026df14-51ab-4383-b13a-bffe2a34f179,"[0.0, 1.0]",,split,1.0
381554259,a4918fc5-1e0b-41d1-be4b-bd01c38274f4,"[0.0, 1.0]",,mixed,1.0
381554260,a4918fc5-1e0b-41d1-be4b-bd01c38274f4,"[0.0, 1.0]",,mixed,1.0
381554261,a4918fc5-1e0b-41d1-be4b-bd01c38274f4,"[0.0, 1.0]",,mixed,1.0
381554262,9321d560-f4e5-46e7-8f3e-1c3907ce5bee,"[0.0, 1.0]",,split,0.72
381554263,d2f0f7c6-73c4-44e8-bb9e-12da1895ba38,"[0.0, 1.0]",,mixed,1.0
381554264,9392be47-ba63-4780-8466-84fcd59f3d37,"[0.0, 1.0]",,split,1.0
381554265,7f39545a-f47a-41e9-9525-0284168a60f5,"[0.0, 1.0]",,split,0.902
381554266,455732ab-b211-4662-a77a-ef92daa7db31,"[0.0, 1.0]",,split,0.848
381554267,fc253d33-0dd6-48d4-9e9d-7b009810e941,"[0.0, 1.0]",,mixed,0.866
381554268,c6722aeb-a7e8-4185-872a-b4d9e1eed940,"[0.0, 1.0]",,split,1.0
381554269,fc253d33-0dd6-48d4-9e9d-7b009810e941,"[0.0, 1.0]",,mixed,1.0
381554270,fc253d33-0dd6-48d4-9e9d-7b009810e941,"[0.0, 1.0]",,mixed,1.0
381554271,5c250003-5e2b-45ba-a9e1-90f68d6b2cdd,"[0.0, 1.0]",,split,0.836
381554273,0fd5799c-3a5a-41c9-aacd-531ed4f6e374,"[0.0, 1.0]",,split,0.867
381554278,59d02319-59cb-4791-a4d3-218f4957becf,"[0.0, 1.0]",,split,1.0
381554279,83042f2d-d0a4-466a-8ce7-69cca652de94,"[0.0, 1.0]",,split,1.0
381554280,80ca5d7a-1ea8-4175-8f24-cca1fd54ff1c,"[0.0, 1.0]",,split,1.0
381554281,961b67a4-1f69-4c67-9f2c-ca215e812865,"[0.0, 1.0]",,split,1.0
381554282,5b2b7a5f-3a35-4329-bd9b-4a758c27c44c,"[0.0, 1.0]",,split,1.0
381554283,ee8e8aaf-507a-4162-b280-1633444a60ce,"[0.0, 1.0]",,split,0.708
381554284,6060f2cb-3a5f-42df-8c2c-7339ce1441e0,"[0.0, 1.0]",,split,1.0
381554285,6073360b-5779-495b-b69e-22cb30aa0764,"[0.0, 1.0]",,split,1.0
381554286,23820094-5693-4993-91a5-3992ae939644,"[0.0, 1.0]",,split,1.0
381554287,5e689b12-bb7f-4b00-b9bc-75b25a3fcbbd,"[0.0, 1.0]",,split,1.0
381554288,,"[0.0, 1.0]",,unmatched,0.0
381554289,8605feda-524d-4e9f-9ddc-1305ea903a0f,"[0.0, 1.0]",,split,1.0
381554290,9c3b9f4d-c975-4c81-8aba-0532610f63d7,"[0.0, 1.0]",,mixed,0.831
381554291,9c3b9f4d-c975-4c81-8aba-0532610f63d7,"[0.0, 1.0]",,merge,1.0
381554292,9c3b9f4d-c975-4c81-8aba-0532610f63d7,"[0.0, 1.0]",,merge,0.824
381554293,3a7268e7-7c65-4509-a11c-5567f828da88,"[0.0, 1.0]",,clean,0.952
381554294,f0fe1f1a-66e4-4811-a4a7-9949c0b19a1d,"[0.0, 1.0]",,split,1.0
381554295,,"[0.0, 1.0]",,unmatched,0.0
381554296,45b29f83-d184-40dc-a749-bd941492b211,"[0.0, 1.0]",,split,0.653
381554297,78089be6-f6a3-4720-adaf-76e067f08f1b,"[0.0, 1.0]",,split,1.0
381554298,7fb6d724-b263-4e31-909c-efd21a9b8db2,"[0.0, 1.0]",,split,0.816
381554299,ebb6065a-a703-4703-939f-ba6a1f1dba28,"[0.0, 1.0]",,split,0.801
381554300,258ff15b-4f34-4a1f-9224-310430f84089,"[0.0, 1.0]",,mixed,0.698
381554301,258ff15b-4f34-4a1f-9224-310430f84089,"[0.0, 1.0]",,mixed,1.0
381554302,258ff15b-4f34-4a1f-9224-310430f84089,"[0.0, 1.0]",,mixed,1.0
381554350,bf255538-ca18-454d-bf9a-83b6a27def46,"[0.0, 1.0]",,mixed,1.0
381554351,bf255538-ca18-454d-bf9a-83b6a27def46,"[0.0, 1.0]",,mixed,0.746
381554352,1ad0298b-796c-41cc-aa0a-5a8caa6edc6b,"[0.0, 1.0]",,split,1.0
381554353,cf6c3949-3038-42d3-b692-274e9bab44d9,"[0.0, 1.0]",,split,1.0
381554354,d1c3d234-f475-48ed-b05f-83786e0ccfa6,"[0.0, 1.0]",,split,0.705
381554355,112f767e-7e05-4b6c-9280-7a72245b04a4,"[0.0, 1.0]",,mixed,1.0
381554356,112f767e-7e05-4b6c-9280-7a72245b04a4,"[0.0, 1.0]",,mixed,1.0
381554357,68769003-8daf-471b-90fc-512ef0778ec9,"[0.0, 1.0]",,split,1.0
381554358,6fb05072-b230-40d7-9f63-9570309b1120,"[0.0, 1.0]",,split,1.0
381554359,,"[0.0, 1.0]",,unmatched,0.0
381554586,8f864fdb-0d68-4740-a35b-7e38ed2759a2,"[0.0, 1.0]",,split,0.763
381554587,18ffea39-5ef1-4b1a-8a45-881881cc1d8b,"[0.0, 1.0]",,split,1.0
381554588,0c329adf-dd33-403c-a80f-d8fe54e72f1f,"[0.0, 1.0]",,split,1.0
381554589,702453f0-f0ee-4d7d-a1d9-408888d042a9,"[0.0, 1.0]",,split,1.0
381554590,92e0aefc-7f4b-4b6c-94f0-ffdd777de31f,"[0.0, 1.0]",,mixed,1.0
381554591,92e0aefc-7f4b-4b6c-94f0-ffdd777de31f,"[0.0, 1.0]",,mixed,1.0
381554592,92e0aefc-7f4b-4b6c-94f0-ffdd777de31f,"[0.0, 1.0]",,mixed,1.0
381554593,e3c49845-81a6-4939-9895-4cad5d0f68ec,"[0.0, 1.0]",,split,1.0
381554594,8bc4980e-9dbd-4710-809f-234e4840eec6,"[0.0, 1.0]",,split,1.0
381554595,92e0aefc-7f4b-4b6c-94f0-ffdd777de31f,"[0.0, 1.0]",,mixed,1.0
381554596,2f961f37-7b85-4614-8765-eb7eac961852,"[0.0, 1.0]",,split,0.958
381554597,d4d7c2ab-407d-4381-8e7b-311b6f140988,"[0.0, 1.0]",,split,1.0
381554598,534cfb02-041a-4d48-8e95-454897fa8eeb,"[0.0, 1.0]",,split,0.827
381554599,999bcf56-e87f-4990-91c4-d15399acb64a,"[0.0, 1.0]",,mixed,1.0
381554600,999bcf56-e87f-4990-91c4-d15399acb64a,"[0.0, 1.0]",,mixed,1.0
381554601,999bcf56-e87f-4990-91c4-d15399acb64a,"[0.0, 1.0]",,mixed,1.0
381554603,999bcf56-e87f-4990-91c4-d15399acb64a,"[0.0, 1.0]",,merge,0.709
381554604,,"[0.0, 1.0]",,unmatched,0.0
381554609,7fc9fc21-9670-4712-9c81-0896bb6129ef,"[0.0, 1.0]",,clean,1.0
381554610,7bf9c8c6-5fb4-44df-85a6-f53badf1302c,"[0.0, 1.0]",,mixed,1.0
381554611,7bf9c8c6-5fb4-44df-85a6-f53badf1302c,"[0.0, 1.0]",,mixed,1.0
381554738,b4e17c65-8de6-4a97-9e5f-e8d13f585bb6,"[0.0, 1.0]",,mixed,0.735
381554739,37970c2a-c3d1-49ca-a7bf-fd7dcc41c9b1,"[0.0, 1.0]",,mixed,1.0
381554740,37970c2a-c3d1-49ca-a7bf-fd7dcc41c9b1,"[0.0, 1.0]",,mixed,1.0
381554741,37970c2a-c3d1-49ca-a7bf-fd7dcc41c9b1,"[0.0, 1.0]",,mixed,1.0
381554742,0843bbdd-5b86-4b33-aad1-b04733335008,"[0.0, 1.0]",,split,0.848
381554743,5828341e-ff3b-4100-9cef-6bc2f42cf3ee,"[0.0, 1.0]",,mixed,1.0
381554744,5828341e-ff3b-4100-9cef-6bc2f42cf3ee,"[0.0, 1.0]",,mixed,1.0
381554745,5828341e-ff3b-4100-9cef-6bc2f42cf3ee,"[0.0, 1.0]",,mixed,1.0
381554746,08446006-8d2c-4803-a165-aa565eb0e990,"[0.0, 1.0]",,split,0.92
381554747,8c1e6fd7-1535-4df9-b2fb-228f90245bf9,"[0.0, 1.0]",,mixed,1.0
381554748,4d7a511b-a4f3-4a95-8f17-a52944b6b6a6,"[0.0, 1.0]",,split,0.804
381554749,50cf6054-3824-416e-be6a-dcf536820354,"[0.0, 1.0]",,split,0.971
381554750,9097890c-4485-4387-932d-160e268e3ecc,"[0.0, 1.0]",,split,0.788
381554751,aa119e7d-c6e8-4b4c-b833-b136076a0053,"[0.0, 1.0]",,mixed,1.0
381554752,aa119e7d-c6e8-4b4c-b833-b136076a0053,"[0.0, 1.0]",,mixed,1.0
381554753,aa119e7d-c6e8-4b4c-b833-b136076a0053,"[0.0, 1.0]",,mixed,1.0
381554754,4669eca6-5686-4d24-967a-8ea7a1ac4b2a,"[0.0, 1.0]",,split,0.796
381554755,acfa80a4-e6fa-4d8a-961a-f9d6e25d4281,"[0.0, 1.0]",,mixed,1.0
381554756,acfa80a4-e6fa-4d8a-961a-f9d6e25d4281,"[0.0, 1.0]",,mixed,1.0
381554757,acfa80a4-e6fa-4d8a-961a-f9d6e25d4281,"[0.0, 1.0]",,mixed,1.0
381554758,acfa80a4-e6fa-4d8a-961a-f9d6e25d4281,"[0.0, 1.0]",,mixed,1.0
381554759,9f7849ba-d1f9-47a6-b806-a51f3c145525,"[0.0, 1.0]",,split,0.866
381554760,568d8dd2-d457-403b-b2da-ad46747f8153,"[0.0, 1.0]",,split,1.0
381554761,6fcd8d16-d002-4010-83d6-4c2c1b9f1c3e,"[0.0, 1.0]",,split,0.843
381554762,6ce6e64c-3cf7-4339-ba98-00bc33086d1a,"[0.0, 1.0]",,split,1.0
381554763,a3c26a0d-e964-4811-b9af-e535194bc81c,"[0.0, 1.0]",,mixed,1.0
381554764,a3c26a0d-e964-4811-b9af-e535194bc81c,"[0.0, 1.0]",,mixed,1.0
381554791,d27f9257-05cb-41ef-a5cd-0248ebcba848,"[0.0, 1.0]",,split,0.817
381554792,78ab45cd-8723-4281-a799-4dd83f1615ca,"[0.0, 1.0]",,split,1.0
381554793,956b6545-6366-419d-a545-8c43c6224e2a,"[0.0, 1.0]",,mixed,1.0
381554794,956b6545-6366-419d-a545-8c43c6224e2a,"[0.0, 1.0]",,mixed,1.0
381554795,dde17361-de3e-4c9a-8bd5-51170952283e,"[0.0, 1.0]",,mixed,1.0
381554796,dde17361-de3e-4c9a-8bd5-51170952283e,"[0.0, 1.0]",,mixed,1.0
381554797,0e8315c0-929d-42ae-81ef-cdaf41503faf,"[0.0, 1.0]",,mixed,1.0
381554798,0e8315c0-929d-42ae-81ef-cdaf41503faf,"[0.0, 1.0]",,mixed,0.797
381554799,ab084a92-f9a3-4b18-88e0-8b8d5f24d1c2,"[0.0, 1.0]",,split,1.0
381554800,29055654-168e-4dfe-87c9-6fd7d5eaf7d8,"[0.0, 1.0]",,mixed,0.767
381554801,29055654-168e-4dfe-87c9-6fd7d5eaf7d8,"[0.0, 1.0]",,mixed,1.0
381554802,0e891616-8134-45b3-8f60-73447cc8ec14,"[0.0, 1.0]",,split,1.0
381554803,bc4a0876-d07e-4dcb-9a36-c26c846435e1,"[0.0, 1.0]",,mixed,1.0
381554804,bc4a0876-d07e-4dcb-9a36-c26c846435e1,"[0.0, 1.0]",,mixed,1.0
381554805,7530e4ef-d636-4b55-8b5f-7b1b9c0c6645,"[0.0, 1.0]",,mixed,1.0
381554806,7530e4ef-d636-4b55-8b5f-7b1b9c0c6645,"[0.0, 1.0]",,mixed,1.0
381554807,7530e4ef-d636-4b55-8b5f-7b1b9c0c6645,"[0.0, 1.0]",,mixed,1.0
381554808,67b1d39c-edc4-4a73-bc0a-2b3c271ce007,"[0.0, 1.0]",,split,0.719
381554809,2f813158-28ad-4e36-8996-8d73b2cbc005,"[0.0, 1.0]",,mixed,1.0
381554810,881fce61-0e99-4df4-b29a-a2f47f5043e6,"[0.0, 1.0]",,split,1.0
381554811,2f813158-28ad-4e36-8996-8d73b2cbc005,"[0.0, 1.0]",,mixed,1.0
381554812,2297e963-29e8-4df4-8f79-52dfce03c9cf,"[0.0, 1.0]",,split,0.709
381554813,84002e15-5234-4b08-a949-b9da655eafd2,"[0.0, 1.0]",,mixed,1.0
381554814,84002e15-5234-4b08-a949-b9da655eafd2,"[0.0, 1.0]",,mixed,1.0
381554815,8349322b-8293-4f4d-a4be-d29a5939fde6,"[0.0, 1.0]",,split,1.0
381554816,35868b6a-6b78-457f-9dcd-9a6fe2bbb608,"[0.0, 1.0]",,mixed,0.586
381554817,35868b6a-6b78-457f-9dcd-9a6fe2bbb608,"[0.0, 1.0]",,mixed,1.0
381554818,35868b6a-6b78-457f-9dcd-9a6fe2bbb608,"[0.0, 1.0]",,mixed,1.0
381554819,9b8380b0-b15d-4fb3-b7ea-17bb2874dfd0,"[0.0, 1.0]",,split,1.0
381554820,35868b6a-6b78-457f-9dcd-9a6fe2bbb608,"[0.0, 1.0]",,mixed,1.0
381554821,37029ae0-c36e-47c7-9868-dff8a08b153b,"[0.0, 1.0]",,split,0.917
381554822,03993eab-4a93-4d1d-ac32-e0259ca81b63,"[0.0, 1.0]",,mixed,1.0
381554823,03993eab-4a93-4d1d-ac32-e0259ca81b63,"[0.0, 1.0]",,mixed,1.0
381554824,03993eab-4a93-4d1d-ac32-e0259ca81b63,"[0.0, 1.0]",,mixed,1.0
381554825,,"[0.0, 1.0]",,unmatched,0.0
381554826,ff39999d-604d-4ccc-af51-f0270feb2e67,"[0.0, 1.0]",,split,0.788
381554827,,"[0.0, 1.0]",,unmatched,0.0
381554828,fef26f31-e667-4a16-a0e8-f167a3fb9ece,"[0.0, 1.0]",,mixed,1.0
381554829,fef26f31-e667-4a16-a0e8-f167a3fb9ece,"[0.0, 1.0]",,mixed,1.0
381554830,0e8315c0-929d-42ae-81ef-cdaf41503faf,"[0.0, 1.0]",,mixed,1.0
381554831,dde17361-de3e-4c9a-8bd5-51170952283e,"[0.0, 1.0]",,mixed,1.0
381554832,dde17361-de3e-4c9a-8bd5-51170952283e,"[0.0, 1.0]",,mixed,1.0
381554833,dde17361-de3e-4c9a-8bd5-51170952283e,"[0.0, 1.0]",,mixed,0.902
381554834,e9d1ab87-5472-424b-a951-8a1930d42927,"[0.0, 1.0]",,mixed,1.0
381554835,e9d1ab87-5472-424b-a951-8a1930d42927,"[0.0, 1.0]",,mixed,1.0
381554957,376bc8e6-57e9-4a92-a8fe-a7a477e0fd50,"[0.0, 1.0]",,mixed,0.94
381554958,e99b791a-b808-4b15-83bb-2cfd927cd395,"[0.0, 1.0]",,split,0.934
381554959,fd7e6ccb-2b9c-4a08-87e5-6a66b67b28d0,"[0.0, 1.0]",,split,1.0
381554960,87faf83d-beea-4ef0-9167-765b24c70207,"[0.0, 1.0]",,mixed,1.0
381554961,87faf83d-beea-4ef0-9167-765b24c70207,"[0.0, 1.0]",,mixed,1.0
381554962,5174b42a-e7ab-4370-98cd-1b3f0ca24651,"[0.0, 1.0]",,split,1.0
381554963,215c17e0-aefc-4d4f-b95e-96647246625d,"[0.0, 1.0]",,split,0.666
381554964,5f18fb3b-cd83-48d3-945b-0a2753104302,"[0.0, 1.0]",,split,0.833
381554965,54bb80a8-654d-4675-aeff-cbefe3086ea6,"[0.0, 1.0]",,mixed,1.0
381554966,a648e4a8-d7a2-4036-954a-f74394c7187c,"[0.0, 1.0]",,split,1.0
381554967,54bb80a8-654d-4675-aeff-cbefe3086ea6,"[0.0, 1.0]",,mixed,1.0
381554968,e97e07f8-f678-4d2c-98f9-7d876918475c,"[0.0, 1.0]",,split,0.959
381554969,d4374dbf-89c2-482e-a851-af0c21ab2cb5,"[0.0, 1.0]",,split,1.0
381554970,de89523a-6895-4f17-9501-445840aa6ae9,"[0.0, 1.0]",,split,1.0
381554971,7c6ccff3-c24b-4130-ac84-b3f53e11f314,"[0.0, 1.0]",,mixed,1.0
381554972,7c6ccff3-c24b-4130-ac84-b3f53e11f314,"[0.0, 1.0]",,mixed,1.0
381554973,7c6ccff3-c24b-4130-ac84-b3f53e11f314,"[0.0, 1.0]",,mixed,1.0
381554974,394c3ad3-60dd-45b8-b64c-a88ffe52e322,"[0.0, 1.0]",,mixed,1.0
381554975,394c3ad3-60dd-45b8-b64c-a88ffe52e322,"[0.0, 1.0]",,mixed,1.0
381554976,394c3ad3-60dd-45b8-b64c-a88ffe52e322,"[0.0, 1.0]",,mixed,1.0
381554977,,"[0.0, 1.0]",,unmatched,0.0
381554978,aeb0a928-c768-4a3b-af48-5b30b4ecade6,"[0.0, 1.0]",,mixed,0.993
381554979,aeb0a928-c768-4a3b-af48-5b30b4ecade6,"[0.0, 1.0]",,mixed,1.0
381554980,514dcbc9-105b-4e70-8d59-f59d701c2174,"[0.0, 1.0]",,split,0.928
381554981,2b404830-0a36-4f44-849d-bbae90c86313,"[0.0, 1.0]",,split,0.8
381554982,01452d5b-bd2d-445e-8982-fcfa3463ccfe,"[0.0, 1.0]",,split,1.0
381554983,ebe6c601-0297-42db-890a-84346b528bfc,"[0.0, 1.0]",,split,1.0
381554984,376bc8e6-57e9-4a92-a8fe-a7a477e0fd50,"[0.0, 1.0]",,mixed,0.917
381555232,d7189e86-d7c3-499a-bf96-0143a415f8db,"[0.0, 1.0]",,mixed,0.921
381555241,d7189e86-d7c3-499a-bf96-0143a415f8db,"[0.0, 1.0]",,mixed,0.954
381555242,66feca77-27c2-4d38-ad3a-b565339b85b6,"[0.0, 1.0]",,split,1.0
381555243,6d9d658e-7b8d-4ec2-9bca-859d23a0e325,"[0.0, 1.0]",,split,1.0
381555244,287a3eaf-1353-49f8-a04c-f7f9a27d7eb1,"[0.0, 1.0]",,split,1.0
381556410,a4243461-74c2-40e7-8bea-751564039fc4,"[0.0, 1.0]",,split,0.817
381556411,213067ed-065a-4ed8-bcad-2e5facc302f4,"[0.0, 1.0]",,split,0.697
381556412,ed242a19-8af1-4e7d-92a1-a9d5be8d10cc,"[0.0, 1.0]",,split,0.769
381556413,bd39caa2-dea0-459c-8042-37d90c8903a8,"[0.0, 1.0]",,mixed,1.0
381556414,bd39caa2-dea0-459c-8042-37d90c8903a8,"[0.0, 1.0]",,mixed,0.876
381556415,048f8e4d-4131-438a-8c4b-22c967714495,"[0.0, 1.0]",,split,0.858
381556416,f1f5fc44-3e67-486d-bc72-e21192030146,"[0.0, 1.0]",,split,0.809
381556417,ffec2f99-bc3e-4968-961d-0c62e4c81f28,"[0.0, 1.0]",,split,1.0
381556418,476d523f-4da4-4807-a188-ff77a1fcbbb1,"[0.0, 1.0]",,split,0.772
381556419,b6a1c7d5-217e-496f-bf51-a23f6efa924c,"[0.0, 1.0]",,split,0.921
381556420,546a3513-d7f6-4977-bd16-a03d1f161a23,"[0.0, 1.0]",,clean,1.0
381556421,1fe81298-bced-4996-983f-0110312b8c38,"[0.0, 1.0]",,merge,0.925
381556422,1fe81298-bced-4996-983f-0110312b8c38,"[0.0, 1.0]",,mixed,0.687
381556423,586498bd-698c-4047-972c-85056a284d81,"[0.0, 1.0]",,clean,1.0
381556424,a94c16aa-0ec5-4b62-9385-81630e0ef143,"[0.0, 1.0]",,split,0.679
381556425,198bbf91-c7d9-4d73-8036-d796d8e738fa,"[0.0, 1.0]",,clean,0.916
381556426,f578aa8b-14e4-43e6-b4a6-7d46325c3c3b,"[0.0, 1.0]",,split,0.705
381556427,e20bf64e-38c8-491f-9dd2-6ffc03da52e1,"[0.0, 1.0]",,split,0.822
381556428,,"[0.0, 1.0]",,unmatched,0.0
381556560,799a8ed7-9987-4dc4-8316-749412745c23,"[0.0, 1.0]",,mixed,1.0
381556561,799a8ed7-9987-4dc4-8316-749412745c23,"[0.0, 1.0]",,mixed,0.832
381556562,552d3eff-02a5-4e7e-a15a-8d26777aa7f5,"[0.0, 1.0]",,mixed,1.0
381556563,552d3eff-02a5-4e7e-a15a-8d26777aa7f5,"[0.0, 1.0]",,mixed,1.0
381556564,2b95e566-e2fd-4d60-956a-2e51e255be11,"[0.0, 1.0]",,split,0.711
381556565,1d8c66d2-a723-441d-bb9d-6a15b499bd91,"[0.0, 1.0]",,mixed,1.0
381556566,1d8c66d2-a723-441d-bb9d-6a15b499bd91,"[0.0, 1.0]",,mixed,0.862
381556567,b8c7fcda-4671-45a4-b54f-192483b3a454,"[0.0, 1.0]",,split,0.836
381556568,76ca775a-647d-4b16-8433-bd30e36aac00,"[0.0, 1.0]",,mixed,1.0
381556569,76ca775a-647d-4b16-8433-bd30e36aac00,"[0.0, 1.0]",,mixed,1.0
381556570,,"[0.0, 1.0]",,unmatched,0.0
381556571,c5b3f81a-7efd-4031-8446-3a5a815cfa1a,"[0.0, 1.0]",,mixed,1.0
381556572,9f17cfcb-421e-4170-8b0c-0654167c781b,"[0.0, 1.0]",,mixed,0.931
381556573,9f17cfcb-421e-4170-8b0c-0654167c781b,"[0.0, 1.0]",,mixed,0.671
381556574,d048843c-ff0d-4a3e-955c-da4a807b041e,"[0.0, 1.0]",,mixed,1.0
381556575,d048843c-ff0d-4a3e-955c-da4a807b041e,"[0.0, 1.0]",,mixed,1.0
381556576,8e8961b4-9ca6-43d6-bbea-8ab1d75ae354,"[0.0, 1.0]",,split,0.773
381556800,581f7ace-5b48-4722-a290-fe6ffdcdc63b,"[0.0, 1.0]",,split,0.951
381556801,dcec66b2-406a-458b-92ef-0f79f8737f05,"[0.0, 1.0]",,split,1.0
381556802,,"[0.0, 1.0]",,unmatched,0.0
381557191,,"[0.0, 1.0]",,unmatched,0.0
381557192,4aa311eb-8394-4fd7-98a5-d57653e5a938,"[0.0, 1.0]",,split,0.818
381557193,dbb34dff-f60c-40f2-9054-6a88aaf789d2,"[0.0, 1.0]",,split,1.0
381557194,342f536f-2c90-4629-8c48-79c158781052,"[0.0, 1.0]",,mixed,0.781
381557195,bdd43718-468d-44df-8a0a-38659ff62037,"[0.0, 1.0]",,split,1.0
381557196,ebdc24b5-3842-4b50-aea3-fdc7ce23b9d1,"[0.0, 1.0]",,mixed,1.0
381557197,342f536f-2c90-4629-8c48-79c158781052,"[0.0, 1.0]",,mixed,1.0
381557198,347efea7-4ce9-40ff-a95e-2629a37979fe,"[0.0, 1.0]",,split,1.0
381557199,,"[0.0, 1.0]",,unmatched,0.0
381557200,ebdc24b5-3842-4b50-aea3-fdc7ce23b9d1,"[0.0, 1.0]",,mixed,1.0
381557201,5f4ea3c0-3f8a-440f-aab0-e81e6016361f,"[0.0, 1.0]",,split,0.995
381557202,30ba041d-069d-49d1-83b6-574891bc8c76,"[0.0, 1.0]",,split,0.624
381557203,538018dd-1d80-4c64-a14d-d8ae9e65ce64,"[0.0, 1.0]",,mixed,0.989
381557204,538018dd-1d80-4c64-a14d-d8ae9e65ce64,"[0.0, 1.0]",,mixed,1.0
381557205,9867dcd8-52f8-4322-b52a-a758dc0aabc2,"[0.0, 1.0]",,split,0.952
381557206,f105b725-d265-408f-b1c0-d5f2b6bb856b,"[0.0, 1.0]",,mixed,1.0
381557207,f105b725-d265-408f-b1c0-d5f2b6bb856b,"[0.0, 1.0]",,mixed,1.0
381557208,,"[0.0, 1.0]",,unmatched,0.0
381557364,8faca730-79ef-4554-8a33-11e0b91a77c7,"[0.0, 1.0]",,mixed,1.0
381557365,8faca730-79ef-4554-8a33-11e0b91a77c7,"[0.0, 1.0]",,mixed,0.746
381557366,,"[0.0, 1.0]",,unmatched,0.0
381557367,13aaa2c8-bd5d-432b-974f-332e8d009bb8,"[0.0, 1.0]",,mixed,0.854
381557368,13aaa2c8-bd5d-432b-974f-332e8d009bb8,"[0.0, 1.0]",,mixed,1.0
381557369,b97dcf1c-5042-409f-8c67-e96ebe823caa,"[0.0, 1.0]",,split,0.877
381557653,ffe4dbdf-0cb4-43a5-99fc-2f875b1302b7,"[0.0, 1.0]",,split,1.0
381557654,9c4a01ff-e6f4-45a5-81b9-ac315035b010,"[0.0, 1.0]",,mixed,1.0
381557655,9c4a01ff-e6f4-45a5-81b9-ac315035b010,"[0.0, 1.0]",,mixed,1.0
381557656,9c4a01ff-e6f4-45a5-81b9-ac315035b010,"[0.0, 1.0]",,mixed,1.0
381557657,9c4a01ff-e6f4-45a5-81b9-ac315035b010,"[0.0, 1.0]",,mixed,1.0
381557658,b1060893-d6de-4142-8dd5-78db02e6af57,"[0.0, 1.0]",,split,1.0
381557659,03bd8ccb-808d-4463-8f51-f9789b10fce1,"[0.0, 1.0]",,split,1.0
381557660,719eeae8-f3c0-461c-8ba5-0f856ce03fc2,"[0.0, 1.0]",,split,1.0
381557661,76816d2d-2c83-4366-afec-feeae93cf00d,"[0.0, 1.0]",,mixed,1.0
381557662,76816d2d-2c83-4366-afec-feeae93cf00d,"[0.0, 1.0]",,mixed,1.0
381557663,6d7c86a2-aa95-44a8-a455-302f480a1c18,"[0.0, 1.0]",,split,1.0
381557664,bca8a98e-082b-49f6-b725-4062cd868671,"[0.0, 1.0]",,split,0.756
381557665,a1a902e2-507a-4caf-a4d7-2488baa7478f,"[0.0, 1.0]",,clean,1.0
381557666,,"[0.0, 1.0]",,unmatched,0.0
381557667,e742cc66-a592-4355-bd8e-bc7f10db93ec,"[0.0, 1.0]",,split,1.0
381557668,2b14d495-d38f-4b23-a99f-629289faffe4,"[0.0, 1.0]",,split,1.0
381557669,afdce047-bd2b-4eb7-be03-c47b26fc9a1f,"[0.0, 1.0]",,split,0.725
381557670,6dcd98f2-7f44-457c-9624-ad024edfd352,"[0.0, 1.0]",,split,1.0
381557671,dfa63421-fff0-4172-968b-427d79ac433d,"[0.0, 1.0]",,split,0.751
381557672,bffb494c-e7d8-4640-9999-8dcc17e4cb8a,"[0.0, 1.0]",,mixed,1.0
381557673,bffb494c-e7d8-4640-9999-8dcc17e4cb8a,"[0.0, 1.0]",,mixed,1.0
381557674,91e06c44-3f17-4474-bee0-cfef80c7dbc6,"[0.0, 1.0]",,split,1.0
381557675,9afed454-6027-40a0-9519-077ee7cc6bd1,"[0.0, 1.0]",,split,0.978
381557676,189b6419-c0c9-4f25-aaec-4c55be9a3faa,"[0.0, 1.0]",,split,1.0
381557677,a14953d1-2496-4e96-90ac-01f6356627ad,"[0.0, 1.0]",,mixed,1.0
381557678,a14953d1-2496-4e96-90ac-01f6356627ad,"[0.0, 1.0]",,mixed,1.0
381557679,ba8417e5-a4a7-4302-bc89-2e54579cbad2,"[0.0, 1.0]",,split,1.0
381557680,4fcad84d-7542-4c9f-bf9a-30f70cb6a9ff,"[0.0, 1.0]",,split,1.0
381557681,6d68cd76-3b93-46a4-80b4-b78989cd1832,"[0.0, 1.0]",,split,0.863
381557682,6c810455-d4ba-4f7a-b732-fdd8afffa5c4,"[0.0, 1.0]",,split,0.909
381557683,e77a1abf-34e6-4285-a1f1-74e6cf6dbbb0,"[0.0, 1.0]",,mixed,1.0
381557684,e77a1abf-34e6-4285-a1f1-74e6cf6dbbb0,"[0.0, 1.0]",,mixed,1.0
381557685,e7b3027c-6862-4162-92c5-42cdce40ec37,"[0.0, 1.0]",,split,1.0
381557686,0019758b-d00b-4a1e-a489-b04d705aebc0,"[0.0, 1.0]",,split,1.0
381557687,,"[0.0, 1.0]",,unmatched,0.0
381557688,3d04eb62-297a-46f4-a545-973bff6300a8,"[0.0, 1.0]",,mixed,0.725
381557689,3d04eb62-297a-46f4-a545-973bff6300a8,"[0.0, 1.0]",,mixed,1.0
381557690,3d04eb62-297a-46f4-a545-973bff6300a8,"[0.0, 1.0]",,mixed,1.0
381557691,f0282cb9-50b5-4ab3-984f-767810c5d464,"[0.0, 1.0]",,mixed,1.0
381557692,f0282cb9-50b5-4ab3-984f-767810c5d464,"[0.0, 1.0]",,mixed,0.755
381557693,8c1e6fd7-1535-4df9-b2fb-228f90245bf9,"[0.0, 1.0]",,mixed,1.0
381557694,5f8ce149-5add-4261-8663-d5d52990e686,"[0.0, 1.0]",,split,1.0
381557992,61e33c4d-2d73-40dd-992d-fb268ca990b0,"[0.0, 1.0]",,split,1.0
381558520,1b77db01-d241-4646-9958-f78199a3869b,"[0.0, 1.0]",,clean,1.0
381558522,391e9c0c-afb6-4951-9b80-f823eca4fd47,"[0.0, 1.0]",,split,0.883
381558523,9fac3ea0-f624-4484-b6cd-fc545be09976,"[0.0, 1.0]",,mixed,1.0
381558524,9fac3ea0-f624-4484-b6cd-fc545be09976,"[0.0, 1.0]",,mixed,1.0
381558525,9fac3ea0-f624-4484-b6cd-fc545be09976,"[0.0, 1.0]",,mixed,1.0
381558526,9fac3ea0-f624-4484-b6cd-fc545be09976,"[0.0, 1.0]",,mixed,1.0
381558527,fcab97b4-d21f-4aac-a09f-0574144a9136,"[0.0, 1.0]",,split,1.0
381558528,9fac3ea0-f624-4484-b6cd-fc545be09976,"[0.0, 1.0]",,mixed,1.0
381558529,c140068b-12bb-42b9-bfcc-81b46587bcfc,"[0.0, 1.0]",,mixed,1.0
381558530,c140068b-12bb-42b9-bfcc-81b46587bcfc,"[0.0, 1.0]",,mixed,1.0
381558531,c140068b-12bb-42b9-bfcc-81b46587bcfc,"[0.0, 1.0]",,mixed,1.0
381558533,c140068b-12bb-42b9-bfcc-81b46587bcfc,"[0.0, 1.0]",,mixed,1.0
381558534,36ad8336-475c-489f-bfc3-643dd8fa2439,"[0.0, 1.0]",,mixed,1.0
381558535,6ce11991-9a56-412a-8237-a8e8262c2522,"[0.0, 1.0]",,split,0.83
381558536,b012c9bd-c747-42e3-9717-00ae310cbc75,"[0.0, 1.0]",,split,1.0
381558537,9516dcd3-4e2f-4244-b922-ffa3b13c334e,"[0.0, 1.0]",,mixed,1.0
381558538,9516dcd3-4e2f-4244-b922-ffa3b13c334e,"[0.0, 1.0]",,mixed,1.0
381558539,0b966856-6a12-4ea0-a66e-51201e2af3de,"[0.0, 1.0]",,split,1.0
381558540,c5046c35-b311-4b84-8c77-589220d16bea,"[0.0, 1.0]",,mixed,0.846
381558541,c5046c35-b311-4b84-8c77-589220d16bea,"[0.0, 1.0]",,mixed,1.0
381558542,c5046c35-b311-4b84-8c77-589220d16bea,"[0.0, 1.0]",,mixed,1.0
381558544,40ca59c2-d995-4615-ae28-eff994e0605d,"[0.0, 1.0]",,split,0.877
381558545,6dc87e31-709a-4c31-b674-b04dbe13e5c5,"[0.0, 1.0]",,mixed,1.0
381558546,6dc87e31-709a-4c31-b674-b04dbe13e5c5,"[0.0, 1.0]",,mixed,1.0
381558547,6dc87e31-709a-4c31-b674-b04dbe13e5c5,"[0.0, 1.0]",,mixed,1.0
381558548,6dc87e31-709a-4c31-b674-b04dbe13e5c5,"[0.0, 1.0]",,mixed,1.0
381558549,56485395-fa61-4658-a2a7-d329249c95bc,"[0.0, 1.0]",,mixed,1.0
381558550,56485395-fa61-4658-a2a7-d329249c95bc,"[0.0, 1.0]",,mixed,1.0
381558551,04d83833-9a27-44ef-8fa6-8ff529a19486,"[0.0, 1.0]",,split,1.0
381558552,6a330e50-1e39-4dbf-a752-3ce95fd8832a,"[0.0, 1.0]",,mixed,1.0
381558553,6a330e50-1e39-4dbf-a752-3ce95fd8832a,"[0.0, 1.0]",,mixed,1.0
381558555,eec92141-65d9-49c2-ba47-da8b42663fda,"[0.0, 1.0]",,clean,1.0
381558556,e280b270-17f8-467e-a416-b550eead49ef,"[0.0, 1.0]",,split,1.0
381558557,59c2938d-0c20-4b05-bfd5-daaeb349f46f,"[0.0, 1.0]",,mixed,1.0
381558558,59c2938d-0c20-4b05-bfd5-daaeb349f46f,"[0.0, 1.0]",,mixed,1.0
381558559,59c2938d-0c20-4b05-bfd5-daaeb349f46f,"[0.0, 1.0]",,mixed,1.0
381558560,59c2938d-0c20-4b05-bfd5-daaeb349f46f,"[0.0, 1.0]",,mixed,1.0
381558561,59c2938d-0c20-4b05-bfd5-daaeb349f46f,"[0.0, 1.0]",,mixed,1.0
381558562,4a1e4158-05b8-4ee6-b07a-e6188aed2be2,"[0.0, 1.0]",,split,1.0
381558563,59c2938d-0c20-4b05-bfd5-daaeb349f46f,"[0.0, 1.0]",,mixed,0.787
381558564,aeb0a928-c768-4a3b-af48-5b30b4ecade6,"[0.0, 1.0]",,mixed,1.0
381558566,4c39f7bd-3b20-44bc-b999-ef9c563a54a4,"[0.0, 1.0]",,split,0.611
381558567,e0ddab57-8ed2-4be6-a14e-79f8420f9cf1,"[0.0, 1.0]",,split,0.951
381558568,e6853e67-7e0a-450c-9812-f5e248b51ab2,"[0.0, 1.0]",,mixed,0.812
381558569,cc32d459-d2a4-4c36-8711-187e97b2add3,"[0.0, 1.0]",,split,1.0
381558570,e6853e67-7e0a-450c-9812-f5e248b51ab2,"[0.0, 1.0]",,mixed,1.0
381558571,c712221f-7904-4c02-a71c-84f678dc5dd3,"[0.0, 1.0]",,merge,0.75
381558572,c712221f-7904-4c02-a71c-84f678dc5dd3,"[0.0, 1.0]",,mixed,0.579
381558573,45fb1bd8-edde-43df-9bfe-65f9f93811fc,"[0.0, 1.0]",,mixed,1.0
381558574,45fb1bd8-edde-43df-9bfe-65f9f93811fc,"[0.0, 1.0]",,mixed,1.0
381558575,45fb1bd8-edde-43df-9bfe-65f9f93811fc,"[0.0, 1.0]",,mixed,0.712
381558601,af87862d-44c5-4bbf-8850-38edd0a08b87,"[0.0, 1.0]",,mixed,1.0
381558602,392041af-4156-46b1-bb0b-a0576c3e5e8c,"[0.0, 1.0]",,split,1.0
381558603,e8c24f01-153e-4c58-a804-23cf43897aef,"[0.0, 1.0]",,mixed,1.0
381558604,7a17240a-b334-4bf3-a5ff-ccac2e592282,"[0.0, 1.0]",,mixed,1.0
381558605,53fd1ff0-aa73-4750-8873-b23a29cd6402,"[0.0, 1.0]",,split,1.0
381558606,5585a1c9-c116-4145-9be9-559fb7f4e09e,"[0.0, 1.0]",,split,1.0
381558607,3ed9f74e-edec-4168-ae21-539952333895,"[0.0, 1.0]",,mixed,1.0
381558608,d70301c5-5c29-4a67-9e65-a0fc9de05861,"[0.0, 1.0]",,mixed,1.0
381558609,d70301c5-5c29-4a67-9e65-a0fc9de05861,"[0.0, 1.0]",,mixed,1.0
381558610,879fe787-8887-4f99-a8b9-4bbfb922a8ad,"[0.0, 1.0]",,mixed,0.687
381558611,48490007-51ba-449a-814c-a69dc7281a51,"[0.0, 1.0]",,split,1.0
381558612,01894932-3b86-4df4-a206-52020abc9660,"[0.0, 1.0]",,split,1.0
381558613,4b86dffd-d9e3-4682-99af-80e4f0fc3a6b,"[0.0, 1.0]",,split,1.0
381558614,501761a6-224d-4345-855f-8f3227cb4299,"[0.0, 1.0]",,mixed,1.0
381558615,501761a6-224d-4345-855f-8f3227cb4299,"[0.0, 1.0]",,mixed,1.0
381558616,501761a6-224d-4345-855f-8f3227cb4299,"[0.0, 1.0]",,mixed,1.0
381558617,501761a6-224d-4345-855f-8f3227cb4299,"[0.0, 1.0]",,mixed,1.0
381558618,f28101e6-9a49-4f4e-aa33-b47d12cea58d,"[0.0, 1.0]",,split,1.0
381558619,d65b9d0a-5fc4-4672-9cc8-ce2c83592af2,"[0.0, 1.0]",,split,1.0
381558620,501761a6-224d-4345-855f-8f3227cb4299,"[0.0, 1.0]",,mixed,0.777
381558621,a8bf1d1e-76df-4390-a852-fe5e77c65a31,"[0.0, 1.0]",,mixed,1.0
381558622,d86dd44e-1e39-4f07-902a-78d135f2a431,"[0.0, 1.0]",,mixed,1.0
381558623,a8bf1d1e-76df-4390-a852-fe5e77c65a31,"[0.0, 1.0]",,mixed,1.0
381558624,d86dd44e-1e39-4f07-902a-78d135f2a431,"[0.0, 1.0]",,mixed,1.0
381558625,a8bf1d1e-76df-4390-a852-fe5e77c65a31,"[0.0, 1.0]",,mixed,1.0
381558626,b9237975-10a6-45b6-8c37-345d5f297c52,"[0.0, 1.0]",,mixed,1.0
381558627,5905de5f-1d6d-455b-b64e-a935d4313a58,"[0.0, 1.0]",,mixed,1.0
381558628,5905de5f-1d6d-455b-b64e-a935d4313a58,"[0.0, 1.0]",,mixed,1.0
381558629,5905de5f-1d6d-455b-b64e-a935d4313a58,"[0.0, 1.0]",,mixed,1.0
381558630,5905de5f-1d6d-455b-b64e-a935d4313a58,"[0.0, 1.0]",,mixed,1.0
381558631,b9237975-10a6-45b6-8c37-345d5f297c52,"[0.0, 1.0]",,mixed,1.0
381558632,a8bf1d1e-76df-4390-a852-fe5e77c65a31,"[0.0, 1.0]",,mixed,1.0
381558633,7a9148f0-3132-40f1-8545-3587efbb394a,"[0.0, 1.0]",,split,1.0
381558634,a8bf1d1e-76df-4390-a852-fe5e77c65a31,"[0.0, 1.0]",,mixed,1.0
381558635,5ac27bec-bb22-48fa-9747-75047bf3f8a4,"[0.0, 1.0]",,split,1.0
381558636,461c4a69-9bb1-46df-8d7e-f3efefccfb40,"[0.0, 1.0]",,split,1.0
381558637,a8bf1d1e-76df-4390-a852-fe5e77c65a31,"[0.0, 1.0]",,mixed,1.0
381558638,e25d6a20-e48f-429e-abe4-42629c6350ec,"[0.0, 1.0]",,split,1.0
381558639,5b8a413d-6b9b-44d1-b96b-ea38fc5bd8d5,"[0.0, 1.0]",,split,0.86
381558640,029995c2-59da-4e34-bfec-245cd5907214,"[0.0, 1.0]",,split,0.842
381558641,10b54d2a-e4cf-4344-9d81-c6c4dc1760d0,"[0.0, 1.0]",,mixed,1.0
381558642,10b54d2a-e4cf-4344-9d81-c6c4dc1760d0,"[0.0, 1.0]",,mixed,1.0
381558643,10b54d2a-e4cf-4344-9d81-c6c4dc1760d0,"[0.0, 1.0]",,mixed,1.0
381558644,a8bf1d1e-76df-4390-a852-fe5e77c65a31,"[0.0, 1.0]",,mixed,1.0
381558645,4cd14dce-8b7c-4d1a-897c-4f29e4f8aded,"[0.0, 1.0]",,split,0.607
381558646,50d4bbd7-bbd8-47a8-a84b-d0a0bf1a76a9,"[0.0, 1.0]",,split,0.665
381558647,ea6d53a7-1cf2-4aeb-b537-73f03db03f56,"[0.0, 1.0]",,merge,0.818
381558648,ea6d53a7-1cf2-4aeb-b537-73f03db03f56,"[0.0, 1.0]",,mixed,1.0
381558649,82f16731-cdca-4255-ae21-ed659e018fa1,"[0.0, 1.0]",,merge,0.857
381558650,82f16731-cdca-4255-ae21-ed659e018fa1,"[0.0, 1.0]",,merge,1.0
381558651,,"[0.0, 1.0]",,unmatched,0.0
381558652,d4c97b31-2a69-4495-b195-550afba8c847,"[0.0, 1.0]",,split,1.0
381558653,879fe787-8887-4f99-a8b9-4bbfb922a8ad,"[0.0, 1.0]",,mixed,0.678
381558654,,"[0.0, 1.0]",,unmatched,0.0
381558655,3ed9f74e-edec-4168-ae21-539952333895,"[0.0, 1.0]",,mixed,1.0
381558656,3908ae7a-f530-4f2e-965f-76881429af62,"[0.0, 1.0]",,split,0.994
381558657,5036a262-aa67-4c1c-af43-877db3efcef1,"[0.0, 1.0]",,split,0.71
381558658,7a17240a-b334-4bf3-a5ff-ccac2e592282,"[0.0, 1.0]",,mixed,1.0
381558659,c05219c5-ce61-43dd-b2e2-27eccebaf16e,"[0.0, 1.0]",,split,1.0
381558660,e8c24f01-153e-4c58-a804-23cf43897aef,"[0.0, 1.0]",,mixed,0.791
381558661,af87862d-44c5-4bbf-8850-38edd0a08b87,"[0.0, 1.0]",,mixed,0.985
381558662,,"[0.0, 1.0]",,unmatched,0.0
381558673,fc8799a1-2d90-433d-bd21-8569e6e6c356,"[0.0, 1.0]",,mixed,0.656
381558674,fc8799a1-2d90-433d-bd21-8569e6e6c356,"[0.0, 1.0]",,mixed,1.0
381558675,ffbf7553-5576-4d0d-8722-d8ddcc25c88d,"[0.0, 1.0]",,split,1.0
381558676,fc8799a1-2d90-433d-bd21-8569e6e6c356,"[0.0, 1.0]",,mixed,1.0
381558677,fc8799a1-2d90-433d-bd21-8569e6e6c356,"[0.0, 1.0]",,mixed,1.0
381558678,fc8799a1-2d90-433d-bd21-8569e6e6c356,"[0.0, 1.0]",,mixed,1.0
381558679,c37efa90-3634-423e-bba9-23898827cb2c,"[0.0, 1.0]",,mixed,1.0
381558680,c37efa90-3634-423e-bba9-23898827cb2c,"[0.0, 1.0]",,mixed,1.0
381558681,c37efa90-3634-423e-bba9-23898827cb2c,"[0.0, 1.0]",,mixed,1.0
381558682,f3d9be80-81f1-49ee-ba8f-02aacaf73900,"[0.0, 1.0]",,mixed,1.0
381558683,f3d9be80-81f1-49ee-ba8f-02aacaf73900,"[0.0, 1.0]",,mixed,1.0
381558684,6dc7b1f3-8fcd-4c7e-a523-6ee93e319b6a,"[0.0, 1.0]",,split,0.94
381558685,297df793-0580-450c-8bf4-ead8d34a41af,"[0.0, 1.0]",,split,1.0
381558686,b76511df-eb33-4d50-a631-658d8d2a78d6,"[0.0, 1.0]",,mixed,1.0
381558687,b76511df-eb33-4d50-a631-658d8d2a78d6,"[0.0, 1.0]",,mixed,1.0
381558688,9a262438-69dd-442a-b5d9-b190673fb9cd,"[0.0, 1.0]",,split,1.0
381558689,783e07fc-35a5-458e-a5cd-a493b86b1019,"[0.0, 1.0]",,split,1.0
381558708,666e9da0-cc85-4255-9d43-a42074477a2e,"[0.0, 1.0]",,mixed,1.0
381558709,666e9da0-cc85-4255-9d43-a42074477a2e,"[0.0, 1.0]",,mixed,1.0
381558710,cc0827b7-86ce-4f46-8c2c-dc906b7c1577,"[0.0, 1.0]",,split,1.0
381558711,666e9da0-cc85-4255-9d43-a42074477a2e,"[0.0, 1.0]",,mixed,1.0
381558712,f17038e4-009c-4e5f-84b7-072e4458e838,"[0.0, 1.0]",,split,1.0
381558723,c261cce1-3f76-4dcf-9775-561f74735764,"[0.0, 1.0]",,mixed,0.801
381558732,c261cce1-3f76-4dcf-9775-561f74735764,"[0.0, 1.0]",,mixed,1.0
381558733,c261cce1-3f76-4dcf-9775-561f74735764,"[0.0, 1.0]",,mixed,1.0
381558734,e29a36f8-ae12-4c54-b156-85cf1b83441e,"[0.0, 1.0]",,mixed,1.0
381558735,e29a36f8-ae12-4c54-b156-85cf1b83441e,"[0.0, 1.0]",,mixed,1.0
381558736,e29a36f8-ae12-4c54-b156-85cf1b83441e,"[0.0, 1.0]",,mixed,1.0
381558737,e29a36f8-ae12-4c54-b156-85cf1b83441e,"[0.0, 1.0]",,mixed,1.0
381558738,15811103-7f4f-4b29-889e-25c506a0694b,"[0.0, 1.0]",,split,1.0
381558739,ccfa5b7e-880d-4f86-bf1b-bd7c99f2c63b,"[0.0, 1.0]",,split,1.0
381558740,75a21122-19c8-4cac-b17c-fba96310d2c6,"[0.0, 1.0]",,split,1.0
381558741,131414c1-f637-4893-83cf-d995574403b8,"[0.0, 1.0]",,mixed,1.0
381558742,131414c1-f637-4893-83cf-d995574403b8,"[0.0, 1.0]",,mixed,1.0
381558743,131414c1-f637-4893-83cf-d995574403b8,"[0.0, 1.0]",,mixed,1.0
381558744,131414c1-f637-4893-83cf-d995574403b8,"[0.0, 1.0]",,mixed,1.0
381558745,131414c1-f637-4893-83cf-d995574403b8,"[0.0, 1.0]",,mixed,1.0
381558746,131414c1-f637-4893-83cf-d995574403b8,"[0.0, 1.0]",,mixed,1.0
381558747,131414c1-f637-4893-83cf-d995574403b8,"[0.0, 1.0]",,mixed,1.0
381558748,b7fe9b0c-dea3-4565-9d12-68f87c3d417e,"[0.0, 1.0]",,split,0.741
381558749,8cbccca5-ae50-4ac6-9202-2617c88bc913,"[0.0, 1.0]",,split,1.0
381558750,26f29ba6-dd3a-43ab-9fd9-0c763a748d6d,"[0.0, 1.0]",,split,1.0
381558751,1c8ac699-6773-47b5-b53c-3620881ceb2d,"[0.0, 1.0]",,mixed,1.0
381558752,1c8ac699-6773-47b5-b53c-3620881ceb2d,"[0.0, 1.0]",,mixed,1.0
381558753,1c8ac699-6773-47b5-b53c-3620881ceb2d,"[0.0, 1.0]",,mixed,1.0
381558754,1c8ac699-6773-47b5-b53c-3620881ceb2d,"[0.0, 1.0]",,mixed,1.0
381558755,1c8ac699-6773-47b5-b53c-3620881ceb2d,"[0.0, 1.0]",,mixed,1.0
381558766,36ad8336-475c-489f-bfc3-643dd8fa2439,"[0.0, 1.0]",,mixed,0.995
381558777,36ad8336-475c-489f-bfc3-643dd8fa2439,"[0.0, 1.0]",,mixed,1.0
381558788,36ad8336-475c-489f-bfc3-643dd8fa2439,"[0.0, 1.0]",,mixed,1.0
381558799,36ad8336-475c-489f-bfc3-643dd8fa2439,"[0.0, 1.0]",,mixed,1.0
381558810,07943bd2-5790-425d-b097-4cc3d41b83c5,"[0.0, 1.0]",,mixed,1.0
381558820,07943bd2-5790-425d-b097-4cc3d41b83c5,"[0.0, 1.0]",,mixed,1.0
381558821,07943bd2-5790-425d-b097-4cc3d41b83c5,"[0.0, 1.0]",,mixed,1.0
381558869,7dc9b6b6-596d-45ae-9cfe-166988e7ee88,"[0.0, 1.0]",,split,1.0
381558870,e5f8bb71-8550-4b88-bad2-157887045e82,"[0.0, 1.0]",,split,0.943
381558871,b454f486-5ea3-4d82-9d80-c546fdbeb3a6,"[0.0, 1.0]",,split,0.726
381558872,691505dc-0a5f-42ce-9647-21d908fbd09a,"[0.0, 1.0]",,mixed,1.0
381558873,a9468be1-8ce1-4769-ad6f-dbb7ad234515,"[0.0, 1.0]",,mixed,1.0
381558874,a9468be1-8ce1-4769-ad6f-dbb7ad234515,"[0.0, 1.0]",,mixed,1.0
381558875,a9468be1-8ce1-4769-ad6f-dbb7ad234515,"[0.0, 1.0]",,mixed,1.0
381558876,3bd1c934-a3c7-44f0-96bd-996e51723380,"[0.0, 1.0]",,mixed,1.0
381558877,a9f60b10-bbcb-4201-9cf1-6d17c1bed108,"[0.0, 1.0]",,split,1.0
381558878,73db687e-325a-41d6-bfcd-252b944e84e3,"[0.0, 1.0]",,split,0.999
381558879,972ae60a-f0d9-4066-9f4c-9ae755a8f1e9,"[0.0, 1.0]",,split,0.663
381558880,060dfb6f-7588-4b1e-9c24-3c3f7ea09047,"[0.0, 1.0]",,split,0.64
381558881,,"[0.0, 1.0]",,unmatched,0.0
381559112,74880475-ad44-4a59-bd05-afbe0cba76de,"[0.0, 1.0]",,split,1.0
381559113,a479590d-a2f5-48d9-a3ce-fec13d664ad4,"[0.0, 1.0]",,split,0.679
381559114,15afebad-f502-4c79-94f1-9c0cbb3755cf,"[0.0, 1.0]",,split,1.0
381559115,1bcbf7b3-384c-4b3a-ab41-22e7df023313,"[0.0, 1.0]",,mixed,0.781
381559116,1bcbf7b3-384c-4b3a-ab41-22e7df023313,"[0.0, 1.0]",,mixed,0.727
381559117,0603c8a5-98a1-4364-8095-f3ced45e05bb,"[0.0, 1.0]",,split,1.0
381559118,9d8fb534-5603-4fc0-b0bc-41088a186d82,"[0.0, 1.0]",,mixed,1.0
381559119,38011c57-f91f-4845-bde3-d10f8d7b3280,"[0.0, 1.0]",,split,1.0
381559120,9d8fb534-5603-4fc0-b0bc-41088a186d82,"[0.0, 1.0]",,mixed,0.922
381559121,4f7a91bf-2e22-44ac-85b8-7e4984aed183,"[0.0, 1.0]",,split,1.0
381559122,2e16aa78-4e6c-451b-90e6-abd3e03a6ff0,"[0.0, 1.0]",,mixed,1.0
381559123,2e16aa78-4e6c-451b-90e6-abd3e03a6ff0,"[0.0, 1.0]",,mixed,1.0
381559124,2e16aa78-4e6c-451b-90e6-abd3e03a6ff0,"[0.0, 1.0]",,mixed,1.0
381559125,2e16aa78-4e6c-451b-90e6-abd3e03a6ff0,"[0.0, 1.0]",,mixed,1.0
381559126,2e16aa78-4e6c-451b-90e6-abd3e03a6ff0,"[0.0, 1.0]",,mixed,1.0
381559127,3cb4ca22-1937-4965-b17e-f269e5b6c57f,"[0.0, 1.0]",,split,1.0
381559128,8b15059a-7463-4162-b272-fdc56b840ad8,"[0.0, 1.0]",,mixed,1.0
381559129,8b15059a-7463-4162-b272-fdc56b840ad8,"[0.0, 1.0]",,mixed,0.82
381559130,e28c5c90-25ab-4da2-b63a-a157872ecd57,"[0.0, 1.0]",,split,0.761
381559131,8ff8d4ff-d836-4110-ad33-a27782acd8a5,"[0.0, 1.0]",,split,1.0
381559132,9b27a83b-a744-471d-ae24-11c1be1bfc0f,"[0.0, 1.0]",,split,1.0
381559133,fe3fbeab-2f03-45e7-95b4-87092b787da9,"[0.0, 1.0]",,split,0.67
381559134,6b800efd-a244-48f8-bc30-2fee5a897e76,"[0.0, 1.0]",,split,1.0
381559135,4437bf4d-5383-48c8-a8c2-2224078f3262,"[0.0, 1.0]",,split,1.0
381559136,92f3cf17-02db-41f7-b13d-519b7923b498,"[0.0, 1.0]",,split,1.0
381559141,b9a941e6-2de0-4463-80a2-fa1a6d9c0d65,"[0.0, 1.0]",,mixed,1.0
381559152,d5367a5c-7669-4ce9-8bec-fa0a17064a7d,"[0.0, 1.0]",,split,1.0
381559163,b9a941e6-2de0-4463-80a2-fa1a6d9c0d65,"[0.0, 1.0]",,mixed,1.0
381559174,b9a941e6-2de0-4463-80a2-fa1a6d9c0d65,"[0.0, 1.0]",,mixed,1.0
381559185,b9a941e6-2de0-4463-80a2-fa1a6d9c0d65,"[0.0, 1.0]",,mixed,1.0
381559188,b9a941e6-2de0-4463-80a2-fa1a6d9c0d65,"[0.0, 1.0]",,mixed,1.0
381559189,b9a941e6-2de0-4463-80a2-fa1a6d9c0d65,"[0.0, 1.0]",,mixed,0.732
381559190,ec1a7084-b5ef-490f-802e-b34f795ed9f8,"[0.0, 1.0]",,mixed,1.0
381559191,ec1a7084-b5ef-490f-802e-b34f795ed9f8,"[0.0, 1.0]",,mixed,1.0
381559192,c9bc3d42-25d5-429d-93bb-543df4ca0fd5,"[0.0, 1.0]",,split,0.866
381559193,a557fa26-7770-450a-a9bb-e437fbda249c,"[0.0, 1.0]",,split,1.0
381559194,5aca1cc6-c058-4011-9627-a075fced20a2,"[0.0, 1.0]",,split,1.0
381559195,79298007-f1f4-4172-828b-456d209a2625,"[0.0, 1.0]",,split,0.687
381559196,191964d2-6740-46ea-bfc7-7ad225e8ce0a,"[0.0, 1.0]",,mixed,1.0
381559197,191964d2-6740-46ea-bfc7-7ad225e8ce0a,"[0.0, 1.0]",,mixed,1.0
381559198,581432be-b8c9-499b-ae1f-6c7247d3a6c1,"[0.0, 1.0]",,split,1.0
381559199,191964d2-6740-46ea-bfc7-7ad225e8ce0a,"[0.0, 1.0]",,mixed,1.0
381559200,191964d2-6740-46ea-bfc7-7ad225e8ce0a,"[0.0, 1.0]",,mixed,1.0
381559201,191964d2-6740-46ea-bfc7-7ad225e8ce0a,"[0.0, 1.0]",,mixed,1.0
381559202,5ded5386-12d5-4702-b5f8-ef7e5da9a589,"[0.0, 1.0]",,split,0.553
381559203,6104cf0a-ffb0-4fb3-b6d7-402030ff587e,"[0.0, 1.0]",,split,1.0
381559204,5a167407-b8d6-4c0a-b5fe-a9b05ba29f7c,"[0.0, 1.0]",,split,0.724
381559205,67f43df9-aea6-45a2-a8dc-65167646fcf9,"[0.0, 1.0]",,split,1.0
381559206,607b8e27-ad4d-4773-a315-61ba3f088efa,"[0.0, 1.0]",,split,0.724
381559207,94debe7a-3cda-40e3-b490-fc73a5ff9ae8,"[0.0, 1.0]",,split,0.955
381559208,b9a4974d-0407-4759-95d1-3e1dee82471d,"[0.0, 1.0]",,split,0.974
381559209,64821839-ff8b-42de-9c50-c561bf6bf30b,"[0.0, 1.0]",,split,1.0
381559210,3af28cef-b377-42a5-b80c-49b7dece1699,"[0.0, 1.0]",,split,0.863
381559211,8d18a56a-520d-4822-a54b-ac2649c5f236,"[0.0, 1.0]",,split,1.0
381559212,73d30d17-5aac-48e8-a509-7610275bf13f,"[0.0, 1.0]",,mixed,1.0
381559213,73d30d17-5aac-48e8-a509-7610275bf13f,"[0.0, 1.0]",,mixed,0.687
381559214,c4f53fea-fa92-4572-9b77-d13c999519c1,"[0.0, 1.0]",,split,0.79
381559215,9a5d3393-be9d-43e2-99fb-a223f9db4380,"[0.0, 1.0]",,mixed,0.968
381559216,9a5d3393-be9d-43e2-99fb-a223f9db4380,"[0.0, 1.0]",,mixed,0.915
381559217,08685e8e-a002-4d8b-ad96-58680b7b2825,"[0.0, 1.0]",,split,1.0
381559218,4f6aa329-0fd2-4c03-b7c0-edaa062ffcac,"[0.0, 1.0]",,mixed,1.0
381559219,4f6aa329-0fd2-4c03-b7c0-edaa062ffcac,"[0.0, 1.0]",,mixed,0.888
381559220,e6f724fa-03c8-4369-a82c-63e59f826aec,"[0.0, 1.0]",,split,0.836
381559221,,"[0.0, 1.0]",,unmatched,0.0
381559267,81e262cd-6bdc-4b41-b9b0-f1a6c394a6c0,"[0.0, 1.0]",,mixed,1.0
381559268,ad414d4f-8c89-44dd-9272-f28b25b40434,"[0.0, 1.0]",,split,0.667
381559269,eab496f9-9cb5-4604-b691-ac5db76cd451,"[0.0, 1.0]",,split,1.0
381559270,b39c092f-78a1-412a-bb98-020d9b5cbc03,"[0.0, 1.0]",,split,0.729
381559271,414778b9-92f4-4ffb-bc04-bd797fe93f38,"[0.0, 1.0]",,split,0.927
381559272,7c0e2fe9-38ed-4a7c-9e5d-32553fd2732f,"[0.0, 1.0]",,split,0.735
381559273,467a2634-1f2e-4006-9a71-2e205cf72dbe,"[0.0, 1.0]",,mixed,1.0
381559274,b4666f75-2244-4c6f-8dc4-5b9535ccab0d,"[0.0, 1.0]",,split,1.0
381559275,0b858b0c-cf3f-43a8-80f4-abbd5b67de2a,"[0.0, 1.0]",,split,0.924
381559276,2e122366-1a71-4322-9080-e71839f8313f,"[0.0, 1.0]",,split,0.701
381559277,c5b3f81a-7efd-4031-8446-3a5a815cfa1a,"[0.0, 1.0]",,mixed,1.0
381559278,9f17cfcb-421e-4170-8b0c-0654167c781b,"[0.0, 1.0]",,mixed,1.0
381559279,a7a81532-9f2c-4595-a0d3-9dd7319cd456,"[0.0, 1.0]",,split,0.548
381559280,83f26f82-cd6e-4e83-98af-5cd27a1fb9bf,"[0.0, 1.0]",,merge,0.73
381559281,9aba2d9a-50e2-45ef-938c-00b5b10c94af,"[0.0, 1.0]",,split,1.0
381559282,d5866d73-65d7-4556-acfc-bfbe9a24db28,"[0.0, 1.0]",,split,1.0
381559283,e052cca0-0a4d-4a6a-a516-dd4445693b36,"[0.0, 1.0]",,clean,0.537
381559284,34d9958d-0b6a-4155-8031-029d2b22ab5c,"[0.0, 1.0]",,split,0.742
381559285,e680453b-e49c-496d-b253-128c57a1efe9,"[0.0, 1.0]",,split,1.0
381559286,c636a636-f0e4-455c-8f95-fb405aac2c3a,"[0.0, 1.0]",,merge,1.0
381559287,e51b947a-3d81-4372-8b9a-274b16420890,"[0.0, 1.0]",,merge,0.87
381559288,e51b947a-3d81-4372-8b9a-274b16420890,"[0.0, 1.0]",,mixed,0.704
381559289,ff4f371c-13b6-42da-a0a2-8875d8358f6d,"[0.0, 1.0]",,split,1.0
381559290,6281fb64-7810-4032-9603-a8de9a099c75,"[0.0, 1.0]",,clean,1.0
381559291,14aa4b23-1a91-4e4d-9055-6a936d1b774d,"[0.0, 1.0]",,mixed,0.942
381559292,6e4734f1-3c9a-432f-9e0e-3650fe2dacec,"[0.0, 1.0]",,mixed,1.0
381559293,6e4734f1-3c9a-432f-9e0e-3650fe2dacec,"[0.0, 1.0]",,mixed,1.0
381559294,2416f45c-54ad-4ba9-87c1-8cad3a6cfa7f,"[0.0, 1.0]",,split,1.0
381559295,e25c08db-68b1-4710-841a-0cb80f9ee7e3,"[0.0, 1.0]",,split,0.852
381559296,0da6e082-1f8b-43a3-99b0-51aadf2538d2,"[0.0, 1.0]",,mixed,1.0
381559297,0da6e082-1f8b-43a3-99b0-51aadf2538d2,"[0.0, 1.0]",,mixed,0.795
381559298,54550d09-bfbe-45a6-a2c7-c2f23d45de43,"[0.0, 1.0]",,merge,1.0
381559299,54550d09-bfbe-45a6-a2c7-c2f23d45de43,"[0.0, 1.0]",,merge,1.0
381559300,43e999fc-a57b-42d3-8f71-c734592c8978,"[0.0, 1.0]",,merge,1.0
381559301,43e999fc-a57b-42d3-8f71-c734592c8978,"[0.0, 1.0]",,merge,1.0
381559302,bdeff89a-c4f4-4217-bd12-b74cff599448,"[0.0, 1.0]",,merge,1.0
381559303,bdeff89a-c4f4-4217-bd12-b74cff599448,"[0.0, 1.0]",,merge,0.93
381559304,86473ab4-fdd8-4d24-8218-d10be07258c4,"[0.0, 1.0]",,mixed,1.0
381559305,86473ab4-fdd8-4d24-8218-d10be07258c4,"[0.0, 1.0]",,mixed,0.762
381559306,9acdeeb7-6d2e-4246-a8d0-6c7bfecb47ec,"[0.0, 1.0]",,mixed,1.0
381559307,441e8de6-71a5-4505-b878-48a40885e566,"[0.0, 1.0]",,mixed,1.0
381559308,441e8de6-71a5-4505-b878-48a40885e566,"[0.0, 1.0]",,mixed,1.0
381559309,29c4939b-e631-4bde-a24a-a1338483fc6f,"[0.0, 1.0]",,mixed,1.0
381559310,29c4939b-e631-4bde-a24a-a1338483fc6f,"[0.0, 1.0]",,mixed,1.0
381559311,c05152c0-0897-4cf3-8d2f-5dc2f86d85e5,"[0.0, 1.0]",,mixed,1.0
381559312,c05152c0-0897-4cf3-8d2f-5dc2f86d85e5,"[0.0, 1.0]",,mixed,1.0
381559313,6d717402-1e6f-4f36-bcd2-bde475b7b8ef,"[0.0, 1.0]",,split,0.783
381559314,c05152c0-0897-4cf3-8d2f-5dc2f86d85e5,"[0.0, 1.0]",,mixed,1.0
381559315,a8fe4509-b04e-4cf3-a782-4a820fb7cc79,"[0.0, 1.0]",,mixed,1.0
381559316,a8fe4509-b04e-4cf3-a782-4a820fb7cc79,"[0.0, 1.0]",,mixed,1.0
381559317,a8fe4509-b04e-4cf3-a782-4a820fb7cc79,"[0.0, 1.0]",,mixed,0.646
381559318,e35c9ac6-0f83-4901-b61a-26511b7ce84c,"[0.0, 1.0]",,mixed,1.0
381559319,1a94a5b5-cc41-44bd-b415-33268f2f42be,"[0.0, 1.0]",,split,0.72
381559320,aa6cd717-394c-495d-bfab-0cba51190715,"[0.0, 1.0]",,mixed,1.0
381559321,f970d5b6-4c04-4256-9819-f8375fb6822c,"[0.0, 1.0]",,split,0.911
381559322,8b0d39e1-8d40-4ddd-9056-3878e357a5ba,"[0.0, 1.0]",,mixed,1.0
381559323,927c022a-c888-4d51-a49a-d9a23046714f,"[0.0, 1.0]",,merge,1.0
381559324,1301632f-6701-421b-ba4b-fdc6500a3774,"[0.0, 1.0]",,split,0.744
381559325,,"[0.0, 1.0]",,unmatched,0.0
381559326,ed903425-28f3-457d-9c64-84ac10c49c65,"[0.0, 1.0]",,mixed,1.0
381559327,eaa4aa07-3025-4895-bf04-39b8ffd83e9e,"[0.0, 1.0]",,mixed,1.0
381559328,81e262cd-6bdc-4b41-b9b0-f1a6c394a6c0,"[0.0, 1.0]",,mixed,0.973
381559605,08af3e22-4047-4c1a-91c9-2dddd259a974,"[0.0, 1.0]",,mixed,0.816
381559606,b46d1109-50c2-4941-bc0a-e0ad7783f31a,"[0.0, 1.0]",,split,1.0
381559607,94945b55-8612-4cad-a146-9aa334427a5e,"[0.0, 1.0]",,mixed,1.0
381559608,08af3e22-4047-4c1a-91c9-2dddd259a974,"[0.0, 1.0]",,mixed,0.881
381559609,841f4839-f25c-490c-827b-0a0dadeb542b,"[0.0, 1.0]",,mixed,1.0
381559610,841f4839-f25c-490c-827b-0a0dadeb542b,"[0.0, 1.0]",,mixed,1.0
381559611,803860ab-048e-4182-85be-d0d95b2b15ba,"[0.0, 1.0]",,mixed,1.0
381559612,e1d227b6-3dc6-4847-b5d8-c6be68d64065,"[0.0, 1.0]",,split,1.0
381559613,691543fa-f0a2-4710-af81-331d2af30728,"[0.0, 1.0]",,mixed,0.824
381559614,691543fa-f0a2-4710-af81-331d2af30728,"[0.0, 1.0]",,mixed,1.0
381559615,c403c57c-98bf-41f2-b4e7-2d29f9963c5d,"[0.0, 1.0]",,split,0.732
381559616,f45e49e9-76e0-42c7-aaeb-c4c1fa2b3e53,"[0.0, 1.0]",,mixed,1.0
381559617,f45e49e9-76e0-42c7-aaeb-c4c1fa2b3e53,"[0.0, 1.0]",,mixed,0.916
381559618,,"[0.0, 1.0]",,unmatched,0.0
381559619,3b37930f-94ec-42ec-9cc7-25a2c034ab20,"[0.0, 1.0]",,split,0.831
381559620,3daa40e5-1caa-4db1-8b14-921bae47c6bc,"[0.0, 1.0]",,split,0.829
381559621,051103ea-54b3-45f2-9586-e52b5c5d1e1a,"[0.0, 1.0]",,split,1.0
381559622,,"[0.0, 1.0]",,unmatched,0.0
381559623,b308e5cc-e210-4d3d-8cff-257150762bff,"[0.0, 1.0]",,mixed,1.0
381559624,b308e5cc-e210-4d3d-8cff-257150762bff,"[0.0, 1.0]",,mixed,1.0
381559625,34fb5417-9aa8-4862-9213-ca6096cb8781,"[0.0, 1.0]",,mixed,1.0
381559626,34fb5417-9aa8-4862-9213-ca6096cb8781,"[0.0, 1.0]",,mixed,1.0
381559627,afb214d5-41ff-4f2c-92c7-da2e86cd4af5,"[0.0, 1.0]",,mixed,1.0
381559628,afb214d5-41ff-4f2c-92c7-da2e86cd4af5,"[0.0, 1.0]",,mixed,1.0
381559629,3cb91fef-6026-4aa7-8581-1c536feeb85c,"[0.0, 1.0]",,split,0.812
381559644,1c8c8def-e3d2-45ad-9d6f-fa179380a1bb,"[0.0, 1.0]",,mixed,0.899
381559645,1c8c8def-e3d2-45ad-9d6f-fa179380a1bb,"[0.0, 1.0]",,mixed,1.0
381559646,1c8c8def-e3d2-45ad-9d6f-fa179380a1bb,"[0.0, 1.0]",,mixed,0.702
381559647,63857cdc-974e-4029-a671-73c9d1317359,"[0.0, 1.0]",,mixed,1.0
381559648,63857cdc-974e-4029-a671-73c9d1317359,"[0.0, 1.0]",,mixed,1.0
381559649,afb214d5-41ff-4f2c-92c7-da2e86cd4af5,"[0.0, 1.0]",,mixed,0.696
381560109,4b355efa-81f2-447a-93c5-81e3326e7474,"[0.0, 1.0]",,mixed,1.0
381560120,4b355efa-81f2-447a-93c5-81e3326e7474,"[0.0, 1.0]",,mixed,1.0
381560131,b2b7f2ff-ea22-4227-9694-d7995383ff40,"[0.0, 1.0]",,mixed,0.787
381560142,b2b7f2ff-ea22-4227-9694-d7995383ff40,"[0.0, 1.0]",,mixed,1.0
381560153,b2b7f2ff-ea22-4227-9694-d7995383ff40,"[0.0, 1.0]",,mixed,1.0
381560164,b2b7f2ff-ea22-4227-9694-d7995383ff40,"[0.0, 1.0]",,mixed,1.0
381560169,ea1b5e3a-6755-47ac-8d7a-81c6ddbe4116,"[0.0, 1.0]",,split,1.0
381560176,b2b7f2ff-ea22-4227-9694-d7995383ff40,"[0.0, 1.0]",,mixed,1.0
381560187,b2b7f2ff-ea22-4227-9694-d7995383ff40,"[0.0, 1.0]",,mixed,1.0
381560198,b2b7f2ff-ea22-4227-9694-d7995383ff40,"[0.0, 1.0]",,mixed,1.0
381560203,c140068b-12bb-42b9-bfcc-81b46587bcfc,"[0.0, 1.0]",,mixed,1.0
381560204,b2b7f2ff-ea22-4227-9694-d7995383ff40,"[0.0, 1.0]",,mixed,1.0
381560205,4908b1c0-e705-4f28-a1c6-1526afa96b6d,"[0.0, 1.0]",,mixed,1.0
381560206,4908b1c0-e705-4f28-a1c6-1526afa96b6d,"[0.0, 1.0]",,mixed,1.0
381560207,4908b1c0-e705-4f28-a1c6-1526afa96b6d,"[0.0, 1.0]",,mixed,1.0
381560208,b2b7f2ff-ea22-4227-9694-d7995383ff40,"[0.0, 1.0]",,mixed,1.0
381560209,b2b7f2ff-ea22-4227-9694-d7995383ff40,"[0.0, 1.0]",,mixed,1.0
381560210,7816a27e-b431-4ebb-b6e2-8fc1ba651823,"[0.0, 1.0]",,mixed,1.0
381560211,542c32bc-d0d7-425f-8e43-afd971578fa2,"[0.0, 1.0]",,mixed,1.0
381560212,542c32bc-d0d7-425f-8e43-afd971578fa2,"[0.0, 1.0]",,mixed,1.0
381560213,4908b1c0-e705-4f28-a1c6-1526afa96b6d,"[0.0, 1.0]",,mixed,0.834
381560214,eef2a3e6-7769-4295-9c84-05114e0636fb,"[0.0, 1.0]",,mixed,1.0
381560215,eef2a3e6-7769-4295-9c84-05114e0636fb,"[0.0, 1.0]",,mixed,1.0
381560216,eef2a3e6-7769-4295-9c84-05114e0636fb,"[0.0, 1.0]",,mixed,1.0
381560217,eef2a3e6-7769-4295-9c84-05114e0636fb,"[0.0, 1.0]",,mixed,1.0
381560218,0d54d274-afc8-41b5-b15e-b83daff4b0cd,"[0.0, 1.0]",,split,1.0
381560219,eef2a3e6-7769-4295-9c84-05114e0636fb,"[0.0, 1.0]",,mixed,1.0
381560220,eef2a3e6-7769-4295-9c84-05114e0636fb,"[0.0, 1.0]",,mixed,1.0
381560221,7816a27e-b431-4ebb-b6e2-8fc1ba651823,"[0.0, 1.0]",,mixed,1.0
381560222,6385a041-9028-4de7-b9ba-dca7b7bceefe,"[0.0, 1.0]",,split,0.897
381560232,26c545a4-37bc-4fdc-8aaf-2ad4b6f2faa4,"[0.0, 1.0]",,split,0.979
381560243,f1573994-a92e-49cc-847a-a26bc8556853,"[0.0, 1.0]",,mixed,1.0
381560254,f1573994-a92e-49cc-847a-a26bc8556853,"[0.0, 1.0]",,mixed,1.0
381560265,f1573994-a92e-49cc-847a-a26bc8556853,"[0.0, 1.0]",,mixed,1.0
381560276,f1573994-a92e-49cc-847a-a26bc8556853,"[0.0, 1.0]",,mixed,1.0
381560287,4b355efa-81f2-447a-93c5-81e3326e7474,"[0.0, 1.0]",,mixed,1.0
381561352,bede747f-f324-4911-94f0-f5549df8cff1,"[0.0, 1.0]",,split,0.816
381561353,3c9af390-fb9b-40db-8b3a-a906181b4551,"[0.0, 1.0]",,split,0.799
381561354,4b4020cb-6a9c-437c-bca7-8fc9d4c55e8c,"[0.0, 1.0]",,split,1.0
381561355,eb0f99f5-4149-4085-a55e-c43ae24c2fbf,"[0.0, 1.0]",,split,0.834
381561356,36d9f774-2bb7-4442-84c0-08162b1019b4,"[0.0, 1.0]",,split,1.0
381561357,941bfe99-f91e-4546-80fe-f99fb03b6c3f,"[0.0, 1.0]",,split,0.873
381561358,49aaf08d-de85-4686-abb0-7c1abf0ffb29,"[0.0, 1.0]",,mixed,1.0
381561359,49aaf08d-de85-4686-abb0-7c1abf0ffb29,"[0.0, 1.0]",,mixed,1.0
381561360,be61104d-c388-42e9-a61b-8cec19a589f1,"[0.0, 1.0]",,split,0.98
381561361,f45561f5-12e3-48cf-8fbd-72e98841f84d,"[0.0, 1.0]",,split,1.0
381561362,ca86573f-2a3f-401d-933b-be6fb4daae55,"[0.0, 1.0]",,split,0.709
381561363,bffd1d17-d769-4436-bef2-1d4976df8256,"[0.0, 1.0]",,split,0.913
381561364,803860ab-048e-4182-85be-d0d95b2b15ba,"[0.0, 1.0]",,mixed,0.674
381561365,7006f60c-4c23-4ae9-a974-3bf98268308e,"[0.0, 1.0]",,split,1.0
381561366,841f4839-f25c-490c-827b-0a0dadeb542b,"[0.0, 1.0]",,mixed,1.0
381561367,08af3e22-4047-4c1a-91c9-2dddd259a974,"[0.0, 1.0]",,mixed,0.913
381561368,94945b55-8612-4cad-a146-9aa334427a5e,"[0.0, 1.0]",,mixed,1.0
381561369,94945b55-8612-4cad-a146-9aa334427a5e,"[0.0, 1.0]",,mixed,1.0
381561370,71e13803-23ab-4564-a320-a7f55a7ebe55,"[0.0, 1.0]",,mixed,1.0
381561371,724cd657-3fc2-492f-9fd2-3f40acb12648,"[0.0, 1.0]",,split,1.0
381561372,71e13803-23ab-4564-a320-a7f55a7ebe55,"[0.0, 1.0]",,mixed,0.779
381561373,b308e5cc-e210-4d3d-8cff-257150762bff,"[0.0, 1.0]",,mixed,1.0
381561374,b308e5cc-e210-4d3d-8cff-257150762bff,"[0.0, 1.0]",,mixed,1.0
381561375,b308e5cc-e210-4d3d-8cff-257150762bff,"[0.0, 1.0]",,mixed,1.0
381561376,b308e5cc-e210-4d3d-8cff-257150762bff,"[0.0, 1.0]",,mixed,1.0
381561377,b308e5cc-e210-4d3d-8cff-257150762bff,"[0.0, 1.0]",,mixed,1.0
381561378,1081b3d3-4203-41b1-8770-8223654cd5fe,"[0.0, 1.0]",,split,0.881
381561379,8228e205-3dbf-46ea-b411-379dcc11f8f1,"[0.0, 1.0]",,split,1.0
381561380,42677d95-422b-4522-a722-09aa48b9a86a,"[0.0, 1.0]",,mixed,0.762
381561381,42677d95-422b-4522-a722-09aa48b9a86a,"[0.0, 1.0]",,mixed,1.0
381561382,42677d95-422b-4522-a722-09aa48b9a86a,"[0.0, 1.0]",,mixed,1.0
381561383,42677d95-422b-4522-a722-09aa48b9a86a,"[0.0, 1.0]",,mixed,1.0
381561384,86f1bced-b396-4c09-be73-315f0645ffb3,"[0.0, 1.0]",,split,0.603
381561385,d07e903b-d206-4608-b620-93c2c03f35ee,"[0.0, 1.0]",,mixed,1.0
381561386,d07e903b-d206-4608-b620-93c2c03f35ee,"[0.0, 1.0]",,mixed,1.0
381561387,c5800d0a-320d-417a-943d-c23e7a218c89,"[0.0, 1.0]",,mixed,0.768
381561388,04b1436b-5905-400c-b9f6-3af62162f5a6,"[0.0, 1.0]",,split,0.729
381561389,bdc673a3-ea8f-4dfe-ba08-8065c95810fb,"[0.0, 1.0]",,split,1.0
381561718,976ddbb9-ec65-4685-a4b1-e002405e0b80,"[0.0, 1.0]",,split,1.0
381561719,f40dac07-bafb-4ef3-b93a-5bebb00054a9,"[0.0, 1.0]",,mixed,0.931
381561720,ef4b7f29-ba2e-4d5e-b027-f18ee78edcdb,"[0.0, 1.0]",,split,1.0
381561721,4f4e35c9-301a-4d48-bcf6-6757c0ddf0ee,"[0.0, 1.0]",,mixed,0.645
381561722,f40dac07-bafb-4ef3-b93a-5bebb00054a9,"[0.0, 1.0]",,merge,1.0
381561732,5226392e-0fe7-41c9-be4f-ca87223a227d,"[0.0, 1.0]",,split,1.0
381561743,297739e9-cdc6-4c86-9a6e-99666ed78b2b,"[0.0, 1.0]",,split,1.0
381561754,ef0d6a56-026b-48b3-885a-a3b57ee1b63a,"[0.0, 1.0]",,mixed,1.0
381561765,ef0d6a56-026b-48b3-885a-a3b57ee1b63a,"[0.0, 1.0]",,mixed,1.0
381561776,cbd5b905-2bff-435b-ae2e-771e7bf519db,"[0.0, 1.0]",,mixed,0.838
381561783,cbd5b905-2bff-435b-ae2e-771e7bf519db,"[0.0, 1.0]",,mixed,1.0
381561784,cbd5b905-2bff-435b-ae2e-771e7bf519db,"[0.0, 1.0]",,mixed,1.0
381561785,cbd5b905-2bff-435b-ae2e-771e7bf519db,"[0.0, 1.0]",,mixed,1.0
381562202,43d0889a-c8d0-4cff-9420-d096f8b0317c,"[0.0, 1.0]",,mixed,1.0
381562203,edb042b5-a4c1-45f8-b3ff-4cbe866f14b8,"[0.0, 1.0]",,split,0.898
381562204,58f431a3-b65e-4bd6-86dd-1dbfadf7a321,"[0.0, 1.0]",,split,1.0
381562205,,"[0.0, 1.0]",,unmatched,0.0
381562212,449a3e0a-618d-4231-aad7-ba1fae75df7f,"[0.0, 1.0]",,split,1.0
381562213,8340299a-e102-4707-804c-a20257b45fea,"[0.0, 1.0]",,mixed,0.948
381562214,87f9231b-c020-439a-87c7-c3c593d9aa4b,"[0.0, 1.0]",,split,0.683
381562215,43d0889a-c8d0-4cff-9420-d096f8b0317c,"[0.0, 1.0]",,mixed,1.0
381562217,25dfbd2d-cd02-45e3-93da-b7a9bc0d60b1,"[0.0, 1.0]",,clean,0.81
381562218,fab93bda-c8a0-4344-b2d2-b63b13fadef2,"[0.0, 1.0]",,mixed,1.0
381562219,fab93bda-c8a0-4344-b2d2-b63b13fadef2,"[0.0, 1.0]",,mixed,1.0
381562220,fab93bda-c8a0-4344-b2d2-b63b13fadef2,"[0.0, 1.0]",,mixed,1.0
381562221,fab93bda-c8a0-4344-b2d2-b63b13fadef2,"[0.0, 1.0]",,mixed,1.0
381562222,fab93bda-c8a0-4344-b2d2-b63b13fadef2,"[0.0, 1.0]",,mixed,1.0
381562223,fab93bda-c8a0-4344-b2d2-b63b13fadef2,"[0.0, 1.0]",,mixed,1.0
381562224,f62b1caf-850c-4bfc-ae28-54ff78eb8e2c,"[0.0, 1.0]",,split,1.0
381562225,fab93bda-c8a0-4344-b2d2-b63b13fadef2,"[0.0, 1.0]",,mixed,1.0
381562226,fab93bda-c8a0-4344-b2d2-b63b13fadef2,"[0.0, 1.0]",,mixed,1.0
381562227,1523ca43-ae53-4d04-947c-4f6dfd5368e0,"[0.0, 1.0]",,mixed,0.792
381562228,21c463f9-2422-4e9c-80cb-f4225b133000,"[0.0, 1.0]",,mixed,1.0
381562229,1523ca43-ae53-4d04-947c-4f6dfd5368e0,"[0.0, 1.0]",,mixed,1.0
381562230,1523ca43-ae53-4d04-947c-4f6dfd5368e0,"[0.0, 1.0]",,mixed,1.0
381562231,1523ca43-ae53-4d04-947c-4f6dfd5368e0,"[0.0, 1.0]",,mixed,1.0
381562232,1523ca43-ae53-4d04-947c-4f6dfd5368e0,"[0.0, 1.0]",,mixed,1.0
381562233,1523ca43-ae53-4d04-947c-4f6dfd5368e0,"[0.0, 1.0]",,mixed,1.0
381562234,1523ca43-ae53-4d04-947c-4f6dfd5368e0,"[0.0, 1.0]",,mixed,1.0
381562235,1523ca43-ae53-4d04-947c-4f6dfd5368e0,"[0.0, 1.0]",,mixed,1.0
381562236,1523ca43-ae53-4d04-947c-4f6dfd5368e0,"[0.0, 1.0]",,mixed,1.0
381562237,1523ca43-ae53-4d04-947c-4f6dfd5368e0,"[0.0, 1.0]",,mixed,1.0
381562238,1523ca43-ae53-4d04-947c-4f6dfd5368e0,"[0.0, 1.0]",,mixed,1.0
381562239,1025c769-3ff2-45dc-9cb2-a78f37a0a7a2,"[0.0, 1.0]",,mixed,0.877
381562240,1025c769-3ff2-45dc-9cb2-a78f37a0a7a2,"[0.0, 1.0]",,mixed,1.0
381562241,29c3f93a-6345-4085-980f-1ece4a2c0afc,"[0.0, 1.0]",,mixed,1.0
381562242,29c3f93a-6345-4085-980f-1ece4a2c0afc,"[0.0, 1.0]",,mixed,1.0
381562243,,"[0.0, 1.0]",,unmatched,0.0
381562244,932700fc-3c5b-48e9-b1f0-975446d396fe,"[0.0, 1.0]",,split,1.0
381562245,141ca453-2645-4242-8d21-a0fc431b7058,"[0.0, 1.0]",,split,1.0
381562246,61515f28-ccd8-4dbe-9fd7-eafb7deaeedf,"[0.0, 1.0]",,split,1.0
381562247,1025c769-3ff2-45dc-9cb2-a78f37a0a7a2,"[0.0, 1.0]",,mixed,1.0
381562248,303aa8bd-a7a7-40a4-8ce9-46466a654ad4,"[0.0, 1.0]",,split,0.839
381562249,d40a535a-d07d-4b5d-be2e-1b0236cacc23,"[0.0, 1.0]",,split,1.0
381562250,3bb7dab5-8ccb-42bc-9bcf-2ec533c6d990,"[0.0, 1.0]",,split,1.0
381562251,2144a57f-4cdd-4336-b39a-81665fc12670,"[0.0, 1.0]",,split,1.0
381562252,727ac2f8-09c3-44e6-8859-e74047879279,"[0.0, 1.0]",,split,1.0
381562253,7141180a-64ec-487e-91b0-d9f6bb589953,"[0.0, 1.0]",,split,1.0
381562254,f5ab91b0-cab8-4929-8903-822f81856921,"[0.0, 1.0]",,split,1.0
381562255,85ee9cc0-9446-4435-9d25-752054d170e6,"[0.0, 1.0]",,mixed,1.0
381562256,85ee9cc0-9446-4435-9d25-752054d170e6,"[0.0, 1.0]",,mixed,1.0
381562257,e765f37d-a7c4-48de-b321-7f7ee059c1c3,"[0.0, 1.0]",,split,1.0
381562258,21c463f9-2422-4e9c-80cb-f4225b133000,"[0.0, 1.0]",,mixed,0.789
381562259,21c463f9-2422-4e9c-80cb-f4225b133000,"[0.0, 1.0]",,mixed,1.0
381562260,,"[0.0, 1.0]",,unmatched,0.0
381562261,55e99d05-a486-4ecf-91b9-f9cb69209dc6,"[0.0, 1.0]",,mixed,1.0
381562262,3cb3cbbf-2a28-4758-b249-c911e80afacb,"[0.0, 1.0]",,mixed,1.0
381562263,3cb3cbbf-2a28-4758-b249-c911e80afacb,"[0.0, 1.0]",,mixed,1.0
381562264,3cb3cbbf-2a28-4758-b249-c911e80afacb,"[0.0, 1.0]",,mixed,1.0
381562265,55e99d05-a486-4ecf-91b9-f9cb69209dc6,"[0.0, 1.0]",,mixed,1.0
381562266,55e99d05-a486-4ecf-91b9-f9cb69209dc6,"[0.0, 1.0]",,mixed,1.0
381562267,,"[0.0, 1.0]",,unmatched,0.0
381562268,bd45a845-a425-4d09-adf7-f5fb5b381f4f,"[0.0, 1.0]",,split,0.909
381562269,ec0444b9-5335-4133-8cbc-b4de3e95b279,"[0.0, 1.0]",,split,0.872
381562270,940dc15b-6822-4a49-8907-65daa5527444,"[0.0, 1.0]",,mixed,1.0
381562271,940dc15b-6822-4a49-8907-65daa5527444,"[0.0, 1.0]",,mixed,1.0
381562272,8ffd2021-1ec9-4d05-adfb-74d397f569c0,"[0.0, 1.0]",,mixed,0.663
381562273,8ffd2021-1ec9-4d05-adfb-74d397f569c0,"[0.0, 1.0]",,mixed,1.0
381562274,500b8822-297a-4154-a9cc-08ee613bb402,"[0.0, 1.0]",,split,1.0
381562275,a41150f0-4f97-469e-b8a1-341fd43fe58c,"[0.0, 1.0]",,mixed,1.0
381562276,d2f3c9f8-0e28-47fd-8423-552092c998c9,"[0.0, 1.0]",,mixed,1.0
381562277,a41150f0-4f97-469e-b8a1-341fd43fe58c,"[0.0, 1.0]",,mixed,1.0
381562278,a41150f0-4f97-469e-b8a1-341fd43fe58c,"[0.0, 1.0]",,merge,1.0
381562279,a41150f0-4f97-469e-b8a1-341fd43fe58c,"[0.0, 1.0]",,mixed,1.0
381562280,a41150f0-4f97-469e-b8a1-341fd43fe58c,"[0.0, 1.0]",,mixed,1.0
381562281,,"[0.0, 1.0]",,unmatched,0.0
381562290,9c3c4be7-ad9a-4f3b-ae51-87e9fc9f1e60,"[0.0, 1.0]",,mixed,0.806
381562301,9c3c4be7-ad9a-4f3b-ae51-87e9fc9f1e60,"[0.0, 1.0]",,mixed,1.0
381562312,249e6b38-2be6-4787-869a-a055b81117ba,"[0.0, 1.0]",,mixed,1.0
381562323,249e6b38-2be6-4787-869a-a055b81117ba,"[0.0, 1.0]",,mixed,1.0
381562334,8b71db59-d39b-40d8-96d6-f9579be24d84,"[0.0, 1.0]",,mixed,1.0
381562345,8b71db59-d39b-40d8-96d6-f9579be24d84,"[0.0, 1.0]",,mixed,1.0
381562356,8b71db59-d39b-40d8-96d6-f9579be24d84,"[0.0, 1.0]",,mixed,1.0
381562367,46837fe5-c5d8-4998-89f4-e1ccb83b7f61,"[0.0, 1.0]",,split,1.0
381562378,70614b5a-f431-4d33-9aca-f832d91aee40,"[0.0, 1.0]",,split,0.689
381562389,66a0455f-0812-4540-b3b8-a49ad33672e1,"[0.0, 1.0]",,mixed,1.0
381562400,66a0455f-0812-4540-b3b8-a49ad33672e1,"[0.0, 1.0]",,mixed,1.0
381562411,66a0455f-0812-4540-b3b8-a49ad33672e1,"[0.0, 1.0]",,mixed,1.0
381562422,a8ad2351-217e-4049-a5b7-62be34b5a7eb,"[0.0, 1.0]",,mixed,1.0
381562433,a8ad2351-217e-4049-a5b7-62be34b5a7eb,"[0.0, 1.0]",,mixed,0.797
381562444,e049697d-badb-45d7-a78e-dd82a5917784,"[0.0, 1.0]",,split,1.0
381562455,b8a7f705-b903-4873-a11c-17da51f91b0b,"[0.0, 1.0]",,mixed,0.761
381562466,b8a7f705-b903-4873-a11c-17da51f91b0b,"[0.0, 1.0]",,mixed,1.0
381562473,da5ead22-a981-4944-9630-74bb7b49de11,"[0.0, 1.0]",,mixed,1.0
381562474,da5ead22-a981-4944-9630-74bb7b49de11,"[0.0, 1.0]",,mixed,0.93
381562475,7a8f9cf6-c550-4cef-8008-f948f0a5c67c,"[0.0, 1.0]",,split,1.0
381562476,1a0595d6-4e2e-490a-8fb8-6805002ec75c,"[0.0, 1.0]",,split,0.867
381562477,fafd15a8-4f70-4dfc-b8df-4efd041abb90,"[0.0, 1.0]",,split,1.0
381562478,8ccd1c24-b544-4345-ba9b-8f6290cfe40c,"[0.0, 1.0]",,split,0.925
381562479,065ddb89-a269-4639-aa0f-0b30b293bd1d,"[0.0, 1.0]",,split,1.0
381562480,cf156754-fefb-4514-9327-f4e58db00719,"[0.0, 1.0]",,mixed,1.0
381562481,cf156754-fefb-4514-9327-f4e58db00719,"[0.0, 1.0]",,mixed,1.0
381562482,cf156754-fefb-4514-9327-f4e58db00719,"[0.0, 1.0]",,mixed,1.0
381562483,a33c547a-03d5-4b4b-9ff2-bbe881161d67,"[0.0, 1.0]",,split,0.875
381562484,aa09bcde-f135-4eee-9189-1f538313a759,"[0.0, 1.0]",,split,1.0
381562485,38156e48-6f50-4703-97af-3883637f7f8e,"[0.0, 1.0]",,split,1.0
381562486,d20c7658-477b-463c-b2f7-698baf5f9229,"[0.0, 1.0]",,mixed,1.0
381562504,9a514e7b-86c6-47e6-b8fa-6e327ef06992,"[0.0, 1.0]",,split,1.0
381562515,3a8c588b-b39f-402a-b358-75f134ebaffe,"[0.0, 1.0]",,split,0.856
381562526,80a6ddc4-4f2c-4f02-9735-5f5d667ce7e8,"[0.0, 1.0]",,clean,0.981
381562537,52f7cf50-3a54-409b-98f3-bff5c8715091,"[0.0, 1.0]",,mixed,1.0
381562548,e46af994-c89a-4b9b-b990-d9ebecb0a798,"[0.0, 1.0]",,split,0.916
381562581,d20c7658-477b-463c-b2f7-698baf5f9229,"[0.0, 1.0]",,mixed,1.0
381562582,d20c7658-477b-463c-b2f7-698baf5f9229,"[0.0, 1.0]",,merge,1.0
381562583,bafd4f6b-17b3-45a5-8cb2-04ba32edbad6,"[0.0, 1.0]",,mixed,0.944
381562584,bafd4f6b-17b3-45a5-8cb2-04ba32edbad6,"[0.0, 1.0]",,mixed,1.0
381562585,bafd4f6b-17b3-45a5-8cb2-04ba32edbad6,"[0.0, 1.0]",,mixed,1.0
381562586,bafd4f6b-17b3-45a5-8cb2-04ba32edbad6,"[0.0, 1.0]",,mixed,1.0
381562587,bafd4f6b-17b3-45a5-8cb2-04ba32edbad6,"[0.0, 1.0]",,mixed,1.0
381562588,d80a9be2-6fe8-4902-96d1-6549e1482bd9,"[0.0, 1.0]",,mixed,1.0
381562589,d80a9be2-6fe8-4902-96d1-6549e1482bd9,"[0.0, 1.0]",,mixed,1.0
381562590,d80a9be2-6fe8-4902-96d1-6549e1482bd9,"[0.0, 1.0]",,mixed,1.0
381562591,05d1d3a7-270a-460b-bdc6-3908175fd0d1,"[0.0, 1.0]",,split,1.0
381562592,eb1e1e76-5a8f-4e9f-9125-ff0791e96b46,"[0.0, 1.0]",,split,1.0
381562593,d80a9be2-6fe8-4902-96d1-6549e1482bd9,"[0.0, 1.0]",,mixed,1.0
381562594,b8a7f705-b903-4873-a11c-17da51f91b0b,"[0.0, 1.0]",,mixed,1.0
381562595,d80a9be2-6fe8-4902-96d1-6549e1482bd9,"[0.0, 1.0]",,mixed,1.0
381562596,d80a9be2-6fe8-4902-96d1-6549e1482bd9,"[0.0, 1.0]",,mixed,1.0
381562597,f00fe8a4-c21f-4c4d-926c-2b3013f60fc3,"[0.0, 1.0]",,mixed,1.0
381562598,f00fe8a4-c21f-4c4d-926c-2b3013f60fc3,"[0.0, 1.0]",,mixed,1.0
381562599,f00fe8a4-c21f-4c4d-926c-2b3013f60fc3,"[0.0, 1.0]",,mixed,1.0
381562600,9455d0fb-6eb1-4c68-83c7-13f0dc8e1290,"[0.0, 1.0]",,mixed,1.0
381562601,9455d0fb-6eb1-4c68-83c7-13f0dc8e1290,"[0.0, 1.0]",,mixed,1.0
381562602,84f31d54-045b-43b8-813f-3fd3aa3a99e6,"[0.0, 1.0]",,split,0.769
381562603,db5eca03-5245-4a57-9d38-fc85c0a4818c,"[0.0, 1.0]",,mixed,1.0
381562604,db5eca03-5245-4a57-9d38-fc85c0a4818c,"[0.0, 1.0]",,mixed,1.0
381562605,db5eca03-5245-4a57-9d38-fc85c0a4818c,"[0.0, 1.0]",,mixed,1.0
381562606,db5eca03-5245-4a57-9d38-fc85c0a4818c,"[0.0, 1.0]",,mixed,1.0
381562607,e4d5cd95-2b89-41ac-8cf5-0f069715ead8,"[0.0, 1.0]",,split,1.0
381562608,db5eca03-5245-4a57-9d38-fc85c0a4818c,"[0.0, 1.0]",,mixed,1.0
381562609,db5eca03-5245-4a57-9d38-fc85c0a4818c,"[0.0, 1.0]",,mixed,1.0
381562610,db5eca03-5245-4a57-9d38-fc85c0a4818c,"[0.0, 1.0]",,mixed,1.0
381562611,1e19c5ad-3710-4d08-99e1-97c2898b60b5,"[0.0, 1.0]",,split,0.934
381562612,52f7cf50-3a54-409b-98f3-bff5c8715091,"[0.0, 1.0]",,mixed,1.0
381562613,52f7cf50-3a54-409b-98f3-bff5c8715091,"[0.0, 1.0]",,mixed,1.0
381562614,0d4df91e-bf68-4485-9155-8d246968408a,"[0.0, 1.0]",,split,1.0
381562615,,"[0.0, 1.0]",,unmatched,0.0
381563037,f1f37561-b2bf-4e87-a56e-f4a0a53ed3e8,"[0.0, 1.0]",,clean,1.0
381563038,11cca31b-91a1-4f04-839f-a12e1f9f1662,"[0.0, 1.0]",,split,0.768
381563039,8def79b3-ff7a-4751-b246-c6b18431e0ef,"[0.0, 1.0]",,clean,0.948
381563040,9cbb6b09-cd98-489f-a1f5-6e58c3adfc04,"[0.0, 1.0]",,split,0.936
381563041,a1ca0e98-2922-4505-9abf-fd13d5cfa776,"[0.0, 1.0]",,split,1.0
381563042,2053f1df-94ee-423d-a827-27879e5fe576,"[0.0, 1.0]",,split,0.976
381563043,35ee8c65-3d42-4deb-926a-d2250a7db533,"[0.0, 1.0]",,split,1.0
381563045,c54cc082-fe76-4066-abbc-ec716f34242b,"[0.0, 1.0]",,mixed,0.727
381563046,c54cc082-fe76-4066-abbc-ec716f34242b,"[0.0, 1.0]",,merge,1.0
381563047,c54cc082-fe76-4066-abbc-ec716f34242b,"[0.0, 1.0]",,merge,0.997
381563048,852be20b-5d30-472c-b965-9943490fb51f,"[0.0, 1.0]",,split,1.0
381563049,fdb04e9b-8f18-4d65-aee4-0ba0a479e5df,"[0.0, 1.0]",,mixed,1.0
381563050,1d213ddb-c0e1-4d07-9c5f-7fb1d3bb5483,"[0.0, 1.0]",,mixed,1.0
381563051,1d213ddb-c0e1-4d07-9c5f-7fb1d3bb5483,"[0.0, 1.0]",,mixed,1.0
381563052,1af98f18-b4ae-4fa6-becd-0d02d300d56f,"[0.0, 1.0]",,mixed,1.0
381563053,,"[0.0, 1.0]",,unmatched,0.0
381563075,0d7eb8ba-b53e-4840-a54d-1f98dfe96f68,"[0.0, 1.0]",,split,1.0
381563076,088257d2-c5e7-478b-9a62-cf9a992ee0ed,"[0.0, 1.0]",,split,0.929
381563077,62eb5cac-40f8-48bf-9424-910cee9db142,"[0.0, 1.0]",,split,0.644
381563078,00123aa3-8f62-4719-a0e6-a61d3323704a,"[0.0, 1.0]",,merge,0.856
381563079,00123aa3-8f62-4719-a0e6-a61d3323704a,"[0.0, 1.0]",,mixed,0.801
381563080,0338290b-78b1-4691-a15f-03979f03815a,"[0.0, 1.0]",,split,0.701
381563081,de42d8c2-4b08-41b0-a77f-ae0c33b29514,"[0.0, 1.0]",,split,0.989
381563082,46abec92-dd67-4d81-bf19-ec5c77766a3a,"[0.0, 1.0]",,split,1.0
381563083,6ce32440-c7f7-480f-b020-f1f0b00a887b,"[0.0, 1.0]",,mixed,0.651
381563084,6ce32440-c7f7-480f-b020-f1f0b00a887b,"[0.0, 1.0]",,mixed,1.0
381563085,37464e82-8e99-426f-996a-a9c2757a802b,"[0.0, 1.0]",,mixed,1.0
381563086,37464e82-8e99-426f-996a-a9c2757a802b,"[0.0, 1.0]",,mixed,1.0
381563087,37464e82-8e99-426f-996a-a9c2757a802b,"[0.0, 1.0]",,mixed,1.0
381563088,37464e82-8e99-426f-996a-a9c2757a802b,"[0.0, 1.0]",,mixed,1.0
381563089,37464e82-8e99-426f-996a-a9c2757a802b,"[0.0, 1.0]",,mixed,1.0
381563090,37464e82-8e99-426f-996a-a9c2757a802b,"[0.0, 1.0]",,mixed,1.0
381563091,37464e82-8e99-426f-996a-a9c2757a802b,"[0.0, 1.0]",,mixed,1.0
381563092,37464e82-8e99-426f-996a-a9c2757a802b,"[0.0, 1.0]",,mixed,1.0
381563093,37464e82-8e99-426f-996a-a9c2757a802b,"[0.0, 1.0]",,mixed,1.0
381563094,37464e82-8e99-426f-996a-a9c2757a802b,"[0.0, 1.0]",,mixed,1.0
381563095,37464e82-8e99-426f-996a-a9c2757a802b,"[0.0, 1.0]",,mixed,1.0
381563096,37464e82-8e99-426f-996a-a9c2757a802b,"[0.0, 1.0]",,mixed,1.0
381563097,37464e82-8e99-426f-996a-a9c2757a802b,"[0.0, 1.0]",,mixed,1.0
381563098,e63121e9-8604-4898-860e-995f3efda1b6,"[0.0, 1.0]",,split,1.0
381563099,d6381c0a-39ac-4e22-b5e7-0c63a413af92,"[0.0, 1.0]",,split,1.0
381563100,0aacc87c-02f0-4756-926d-ef2ec0e1ef86,"[0.0, 1.0]",,mixed,1.0
381563101,0aacc87c-02f0-4756-926d-ef2ec0e1ef86,"[0.0, 1.0]",,mixed,1.0
381563102,83a8ec40-a493-4657-be91-7d1333dca368,"[0.0, 1.0]",,split,1.0
381563103,f008f642-7318-44ed-8cab-8b8bb899b021,"[0.0, 1.0]",,split,1.0
381563104,37464e82-8e99-426f-996a-a9c2757a802b,"[0.0, 1.0]",,mixed,1.0
381563105,37464e82-8e99-426f-996a-a9c2757a802b,"[0.0, 1.0]",,mixed,1.0
381563106,37464e82-8e99-426f-996a-a9c2757a802b,"[0.0, 1.0]",,mixed,1.0
381563107,53476f60-5415-47c1-ab69-021ccb25df3c,"[0.0, 1.0]",,split,0.694
381563108,bad7b37e-44ad-4579-a8fb-5b8463d4bbeb,"[0.0, 1.0]",,split,1.0
381563109,9d5287e6-de03-4a5a-9305-d266d581dc45,"[0.0, 1.0]",,mixed,1.0
381563110,9d5287e6-de03-4a5a-9305-d266d581dc45,"[0.0, 1.0]",,mixed,1.0
381563111,02bc5f70-7ff6-497b-858b-9206a3d3a890,"[0.0, 1.0]",,mixed,0.759
381563112,02bc5f70-7ff6-497b-858b-9206a3d3a890,"[0.0, 1.0]",,mixed,1.0
381563113,6c5e9daa-57c4-4b80-a040-fe0a1e8857a7,"[0.0, 1.0]",,split,0.93
381563114,75e2f1a5-65f7-471e-b4f4-f62741b50324,"[0.0, 1.0]",,clean,0.53
381563115,f6ee446c-77da-4e57-924f-28bad3e6feee,"[0.0, 1.0]",,split,0.882
381563116,51b55da7-68cc-4f36-af28-a11fa9855466,"[0.0, 1.0]",,mixed,1.0
381563117,51b55da7-68cc-4f36-af28-a11fa9855466,"[0.0, 1.0]",,mixed,1.0
381563118,6c210f77-07a7-436f-8da0-6ddb029c4b89,"[0.0, 1.0]",,split,1.0
381563119,89c30dfc-3e16-415e-8789-b687b3c21159,"[0.0, 1.0]",,split,1.0
381563121,cd4d89d5-382d-4fbe-aeb1-636114911038,"[0.0, 1.0]",,split,1.0
381563122,425928a6-c41c-4fcc-aca7-d16d10175849,"[0.0, 1.0]",,split,1.0
381563123,3b2adab8-5415-4af1-b303-65e2774a769b,"[0.0, 1.0]",,split,0.766
381563124,6ccb9933-c7fe-4c1c-8a5f-e4311132653b,"[0.0, 1.0]",,split,1.0
381563125,3eaed945-9d6b-4774-ac78-f861210b79f5,"[0.0, 1.0]",,split,0.848
381563126,b3fe8c23-e9a5-429a-9f47-910de84f3c76,"[0.0, 1.0]",,split,0.711
381563127,71d36926-d331-48bb-95c5-f73c9da6eabd,"[0.0, 1.0]",,split,0.851
381563128,86a8954e-0826-4b0f-9f50-379fad1ef9b6,"[0.0, 1.0]",,split,0.972
381563129,d281f99f-5a44-47c3-8afa-6b3455986559,"[0.0, 1.0]",,split,1.0
381563130,30b8bcca-3882-4a7f-986e-e1b96c8347ec,"[0.0, 1.0]",,split,0.739
381563132,4b41886b-62e8-4784-8294-b30d56be661b,"[0.0, 1.0]",,split,0.619
381563133,6c892a24-89f3-4808-abda-1041b9629b59,"[0.0, 1.0]",,split,0.801
381563134,64ccaa27-fd75-4d93-801b-bed4a0f28b70,"[0.0, 1.0]",,mixed,1.0
381563135,64ccaa27-fd75-4d93-801b-bed4a0f28b70,"[0.0, 1.0]",,mixed,1.0
381563136,c0c7c058-3579-445b-b0e0-973e2aa9b551,"[0.0, 1.0]",,mixed,1.0
381563137,c0c7c058-3579-445b-b0e0-973e2aa9b551,"[0.0, 1.0]",,mixed,1.0
381563138,3829d05f-71cc-4033-8d86-d4e795485cf6,"[0.0, 1.0]",,mixed,0.771
381563139,3829d05f-71cc-4033-8d86-d4e795485cf6,"[0.0, 1.0]",,mixed,1.0
381563140,3829d05f-71cc-4033-8d86-d4e795485cf6,"[0.0, 1.0]",,mixed,1.0
381563141,ab12dfd9-b902-4810-9af8-d3764af40494,"[0.0, 1.0]",,split,1.0
381563143,3829d05f-71cc-4033-8d86-d4e795485cf6,"[0.0, 1.0]",,mixed,1.0
381563144,9072a0b2-9e0c-489c-bd40-316aa735b4c8,"[0.0, 1.0]",,split,1.0
381563145,924f3ddd-8a8e-46a1-96b8-fdf41e9f3c8c,"[0.0, 1.0]",,split,0.696
381563146,8b0d39e1-8d40-4ddd-9056-3878e357a5ba,"[0.0, 1.0]",,mixed,0.727
381563147,aa6cd717-394c-495d-bfab-0cba51190715,"[0.0, 1.0]",,mixed,1.0
381563148,aa6cd717-394c-495d-bfab-0cba51190715,"[0.0, 1.0]",,mixed,0.916
381563149,e35c9ac6-0f83-4901-b61a-26511b7ce84c,"[0.0, 1.0]",,mixed,1.0
381563150,e35c9ac6-0f83-4901-b61a-26511b7ce84c,"[0.0, 1.0]",,mixed,0.951
381563151,4b3e426a-37db-4591-b9e7-c0bb715f7c2c,"[0.0, 1.0]",,split,1.0
381563152,3fa4d12d-87c7-4dc0-95dd-226cbe4c9382,"[0.0, 1.0]",,split,1.0
381563153,4cbbf891-4950-4940-8a15-92c300301a4f,"[0.0, 1.0]",,mixed,1.0
381563154,c05152c0-0897-4cf3-8d2f-5dc2f86d85e5,"[0.0, 1.0]",,mixed,1.0
381563155,c05152c0-0897-4cf3-8d2f-5dc2f86d85e5,"[0.0, 1.0]",,mixed,1.0
381563156,4cbbf891-4950-4940-8a15-92c300301a4f,"[0.0, 1.0]",,mixed,1.0
381563157,1ada62ce-0436-40a9-b37f-a9762a11ecdc,"[0.0, 1.0]",,split,1.0
381563158,ca685230-c616-4663-830f-6c4d5c8f618f,"[0.0, 1.0]",,split,1.0
381563159,441e8de6-71a5-4505-b878-48a40885e566,"[0.0, 1.0]",,mixed,1.0
381563160,9acdeeb7-6d2e-4246-a8d0-6c7bfecb47ec,"[0.0, 1.0]",,mixed,1.0
381563161,9acdeeb7-6d2e-4246-a8d0-6c7bfecb47ec,"[0.0, 1.0]",,mixed,0.813
381563162,79912e88-142a-41b6-b5fa-fcb084996649,"[0.0, 1.0]",,split,1.0
381563163,e4fe042f-65a8-4d27-9309-a18612c89bfb,"[0.0, 1.0]",,mixed,0.653
381563164,e4fe042f-65a8-4d27-9309-a18612c89bfb,"[0.0, 1.0]",,mixed,1.0
381563165,1561aa03-a8cc-4bac-af75-c9b424c4949b,"[0.0, 1.0]",,mixed,1.0
381563166,1561aa03-a8cc-4bac-af75-c9b424c4949b,"[0.0, 1.0]",,mixed,1.0
381563167,e3fa77e9-b891-4cc7-a6f2-fda161c36f40,"[0.0, 1.0]",,mixed,0.858
381563168,1af98f18-b4ae-4fa6-becd-0d02d300d56f,"[0.0, 1.0]",,mixed,0.8
381563169,e3fa77e9-b891-4cc7-a6f2-fda161c36f40,"[0.0, 1.0]",,mixed,1.0
381563170,72ed0153-a919-4585-82e0-09669e3ea106,"[0.0, 1.0]",,split,0.804
381563171,0da6e082-1f8b-43a3-99b0-51aadf2538d2,"[0.0, 1.0]",,mixed,1.0
381563172,7a21ec63-9acf-4ee2-89b3-a7674f310dc7,"[0.0, 1.0]",,split,0.956
381563173,a620ae89-14e7-4dfe-bb76-29f0f764e7f6,"[0.0, 1.0]",,split,0.772
381563174,55279bf1-514f-4ce4-a358-3cde53edf0b3,"[0.0, 1.0]",,split,0.798
381563175,d00fadc3-2595-4f80-a7a4-12928bd2a4c8,"[0.0, 1.0]",,split,0.939
381563176,14aa4b23-1a91-4e4d-9055-6a936d1b774d,"[0.0, 1.0]",,mixed,1.0
381563177,98b509ac-6b02-4c7e-8569-f7aeb1feb04e,"[0.0, 1.0]",,split,1.0
381563178,4ad2ffd5-c7ec-40ae-9493-ce4a75653ef9,"[0.0, 1.0]",,split,0.696
381563179,1d213ddb-c0e1-4d07-9c5f-7fb1d3bb5483,"[0.0, 1.0]",,mixed,1.0
381563180,e85f953b-0cff-4c4d-b2ec-f556475b444e,"[0.0, 1.0]",,split,0.89
381563181,e51b947a-3d81-4372-8b9a-274b16420890,"[0.0, 1.0]",,mixed,1.0
381563182,c636a636-f0e4-455c-8f95-fb405aac2c3a,"[0.0, 1.0]",,mixed,1.0
381563183,b71ff339-c002-43db-abe0-12aa143a4a9e,"[0.0, 1.0]",,split,0.771
381563184,,"[0.0, 1.0]",,unmatched,0.0
381563185,1d213ddb-c0e1-4d07-9c5f-7fb1d3bb5483,"[0.0, 1.0]",,mixed,1.0
381563186,ddb10eab-59f7-42ef-8a21-46a501a2444c,"[0.0, 1.0]",,split,0.643
381563187,9d20910c-63e8-4ce2-a347-e3c1550cd14a,"[0.0, 1.0]",,split,0.783
381563188,f642552d-c138-498b-95d7-974462673380,"[0.0, 1.0]",,split,0.707
381563189,467a2634-1f2e-4006-9a71-2e205cf72dbe,"[0.0, 1.0]",,mixed,0.699
381563190,467a2634-1f2e-4006-9a71-2e205cf72dbe,"[0.0, 1.0]",,merge,1.0
381563191,d3b1d4c1-76f9-44af-9fc7-c2a67ab70da0,"[0.0, 1.0]",,split,0.608
381563192,71e9b39a-2421-4921-b58e-8e776ac35768,"[0.0, 1.0]",,split,0.702
381563193,f9122200-0a9a-4e37-b69f-b9dc5a6931ce,"[0.0, 1.0]",,mixed,0.921
381563194,fdb04e9b-8f18-4d65-aee4-0ba0a479e5df,"[0.0, 1.0]",,mixed,1.0
381563195,f9122200-0a9a-4e37-b69f-b9dc5a6931ce,"[0.0, 1.0]",,mixed,0.789
381563196,7912e527-6d0b-4336-9843-bb7d3ea7ca25,"[0.0, 1.0]",,split,1.0
381563197,81e262cd-6bdc-4b41-b9b0-f1a6c394a6c0,"[0.0, 1.0]",,mixed,1.0
381563198,eaa4aa07-3025-4895-bf04-39b8ffd83e9e,"[0.0, 1.0]",,mixed,0.727
381563199,ed903425-28f3-457d-9c64-84ac10c49c65,"[0.0, 1.0]",,mixed,1.0
381563200,98d94248-e82c-45c6-8d76-672c711bb10f,"[0.0, 1.0]",,split,0.699
381563201,7c924932-7c71-4081-836f-5edeb9c4d425,"[0.0, 1.0]",,split,0.853
381563202,,"[0.0, 1.0]",,unmatched,0.0
381563203,,"[0.0, 1.0]",,unmatched,0.0
381563204,eb6cfb7e-b402-4d90-b527-a1c204b1ef37,"[0.0, 1.0]",,split,0.624
381563205,265e8d9e-6076-4d0a-ab16-2db328527dda,"[0.0, 1.0]",,split,1.0
381563206,baf3de85-eb22-47cd-a772-d3051d422fa4,"[0.0, 1.0]",,split,0.983
381563207,6a28f07e-aa5e-4fe2-9f27-fc3ee7d3e14b,"[0.0, 1.0]",,split,0.966
381563208,8e8a8ab8-dd8c-4aac-b8c5-249705230814,"[0.0, 1.0]",,split,0.898
381563209,b9b17853-e7b8-4abd-811d-25aa266ab675,"[0.0, 1.0]",,split,1.0
381563210,0fcae145-9f8a-487d-87ee-bd9ccffe3029,"[0.0, 1.0]",,split,0.764
381563211,37d42e1f-db9a-4306-a199-264b782e68b5,"[0.0, 1.0]",,mixed,1.0
381563212,37d42e1f-db9a-4306-a199-264b782e68b5,"[0.0, 1.0]",,mixed,1.0
381563213,995fe7cf-cd2a-4677-9f1a-65ad44817c1b,"[0.0, 1.0]",,mixed,0.755
381563214,995fe7cf-cd2a-4677-9f1a-65ad44817c1b,"[0.0, 1.0]",,mixed,1.0
381563215,520404e3-ecb0-4f95-b2fe-18235426c190,"[0.0, 1.0]",,split,1.0
381563216,ff85c99f-c2d7-49c5-a387-2ce853c8c31a,"[0.0, 1.0]",,mixed,1.0
381563217,ff85c99f-c2d7-49c5-a387-2ce853c8c31a,"[0.0, 1.0]",,mixed,1.0
381563218,ff85c99f-c2d7-49c5-a387-2ce853c8c31a,"[0.0, 1.0]",,mixed,0.715
381563219,1f57e658-30dc-4319-87db-c916241a1c8f,"[0.0, 1.0]",,split,1.0
381563220,bc043caf-eaf3-4409-9e8d-7102fcfc88d8,"[0.0, 1.0]",,split,1.0
381563221,df33576b-2972-41b3-bdf6-57154025064f,"[0.0, 1.0]",,split,0.797
381563222,1ac59fa4-0ede-4d0b-8191-c1e6eb2b628e,"[0.0, 1.0]",,split,0.995
381563223,d25f941e-bdd7-447b-aa5d-58d255dbe956,"[0.0, 1.0]",,mixed,1.0
381563224,d25f941e-bdd7-447b-aa5d-58d255dbe956,"[0.0, 1.0]",,mixed,1.0
381563225,35926cdd-45ca-420f-8277-d887c6a188f9,"[0.0, 1.0]",,split,1.0
381563226,16552635-9617-4130-be2d-b73813b5a1f7,"[0.0, 1.0]",,split,1.0
381563227,05997033-acae-442d-9ce5-52c4d6e29845,"[0.0, 1.0]",,split,0.873
381563228,b4e17c65-8de6-4a97-9e5f-e8d13f585bb6,"[0.0, 1.0]",,mixed,1.0
381563229,b4e17c65-8de6-4a97-9e5f-e8d13f585bb6,"[0.0, 1.0]",,mixed,0.841
381563230,dc4009bc-5c04-4322-99f5-e7e1c85cd9e1,"[0.0, 1.0]",,mixed,0.85
381563231,dc4009bc-5c04-4322-99f5-e7e1c85cd9e1,"[0.0, 1.0]",,mixed,1.0
381563232,dc4009bc-5c04-4322-99f5-e7e1c85cd9e1,"[0.0, 1.0]",,mixed,1.0
381563233,cd3a9714-4dc0-4b91-b814-45dee08fdc56,"[0.0, 1.0]",,split,0.886
381563234,37d030da-7c45-4654-a82f-ca8d33e4ea86,"[0.0, 1.0]",,mixed,1.0
381563235,910deeb8-23df-45e0-98ed-bfe55c9a48d6,"[0.0, 1.0]",,split,1.0
381563236,37d030da-7c45-4654-a82f-ca8d33e4ea86,"[0.0, 1.0]",,mixed,1.0
381563237,0fae4c9c-0d27-4ff4-be01-cc259970cc33,"[0.0, 1.0]",,split,0.906
381563238,,"[0.0, 1.0]",,unmatched,0.0
381563239,7ff06125-7fa4-4a8a-9a2e-5765923f63a2,"[0.0, 1.0]",,split,1.0
381563240,fb065f23-1571-42be-8d14-ae4456963482,"[0.0, 1.0]",,split,0.654
381563241,2be8409f-e5ee-4015-a8c4-bf0d0e07d963,"[0.0, 1.0]",,split,0.991
381563242,0a26ec8c-b052-4ba4-9b09-791b367a33aa,"[0.0, 1.0]",,split,0.757
381563243,a6615728-1b57-48e8-aa15-d4b1eeb59359,"[0.0, 1.0]",,clean,0.867
381563244,7d501a0e-a544-438a-8f8e-3c33a27242bf,"[0.0, 1.0]",,split,0.666
381563245,ea8a46d0-c718-43c2-8dfb-eae805da2248,"[0.0, 1.0]",,mixed,1.0
381563246,ea8a46d0-c718-43c2-8dfb-eae805da2248,"[0.0, 1.0]",,merge,0.951
381563247,15c186b3-9716-4cc2-a00e-e959b0cd4f97,"[0.0, 1.0]",,mixed,1.0
381563248,1379eb07-ff14-4dc2-8226-e24370072bfc,"[0.0, 1.0]",,mixed,1.0
381563249,1379eb07-ff14-4dc2-8226-e24370072bfc,"[0.0, 1.0]",,mixed,1.0
381563250,927c022a-c888-4d51-a49a-d9a23046714f,"[0.0, 1.0]",,merge,0.93
381563251,8b0d39e1-8d40-4ddd-9056-3878e357a5ba,"[0.0, 1.0]",,mixed,1.0
381563252,9fd42d36-123a-42cc-bb6c-2c5335ef4f1c,"[0.0, 1.0]",,mixed,0.78
381563253,9fd42d36-123a-42cc-bb6c-2c5335ef4f1c,"[0.0, 1.0]",,mixed,1.0
381563254,9fd42d36-123a-42cc-bb6c-2c5335ef4f1c,"[0.0, 1.0]",,mixed,1.0
381563255,3bca1a0c-c480-48b4-bf55-35e76063722c,"[0.0, 1.0]",,split,0.704
381563256,260929fd-a0c1-49a3-b0a4-f6ba9d04b9a0,"[0.0, 1.0]",,split,1.0
381563257,5e175a55-f177-49a9-a008-257da98579ca,"[0.0, 1.0]",,split,1.0
381563258,ef6ac838-ec3b-4bae-9a2a-c49cf7e1fdac,"[0.0, 1.0]",,mixed,0.981
381563259,ef6ac838-ec3b-4bae-9a2a-c49cf7e1fdac,"[0.0, 1.0]",,mixed,0.727
381563260,45583f02-55ac-4063-ab0d-f969d5403770,"[0.0, 1.0]",,mixed,1.0
381563261,45583f02-55ac-4063-ab0d-f969d5403770,"[0.0, 1.0]",,mixed,1.0
381563262,45583f02-55ac-4063-ab0d-f969d5403770,"[0.0, 1.0]",,mixed,1.0
381563263,d161f97f-a12d-4962-b37c-0c78b94e8b19,"[0.0, 1.0]",,split,0.858
381563264,edc0ad5f-dac1-4114-a48e-98a79ad8c30b,"[0.0, 1.0]",,split,1.0
381563265,f1a48163-7aaa-48e8-b9f7-930eebe23873,"[0.0, 1.0]",,mixed,1.0
381563266,f1a48163-7aaa-48e8-b9f7-930eebe23873,"[0.0, 1.0]",,mixed,1.0
381563267,0071904a-6334-4dec-ad56-d3556ec47a87,"[0.0, 1.0]",,split,0.961
381563268,45f8aa09-f86f-423e-b7fd-d07ab3a49414,"[0.0, 1.0]",,mixed,1.0
381563269,45f8aa09-f86f-423e-b7fd-d07ab3a49414,"[0.0, 1.0]",,mixed,1.0
381563270,8d83815c-4341-4ab9-b019-679d3a5eade1,"[0.0, 1.0]",,split,1.0
381563271,f8f05c06-4be6-4728-b881-23803864298f,"[0.0, 1.0]",,mixed,1.0
381563272,f8f05c06-4be6-4728-b881-23803864298f,"[0.0, 1.0]",,mixed,1.0
381563273,f8f05c06-4be6-4728-b881-23803864298f,"[0.0, 1.0]",,mixed,1.0
381563274,f8f05c06-4be6-4728-b881-23803864298f,"[0.0, 1.0]",,mixed,1.0
381563275,f8f05c06-4be6-4728-b881-23803864298f,"[0.0, 1.0]",,mixed,1.0
381563276,0ac8b24a-2fa7-4e22-83cd-2f55202bbb00,"[0.0, 1.0]",,split,1.0
381563277,89a0f1c9-69ec-4cbb-9723-f4e079665086,"[0.0, 1.0]",,mixed,1.0
381563278,89a0f1c9-69ec-4cbb-9723-f4e079665086,"[0.0, 1.0]",,mixed,1.0
381563279,83016a25-314a-4541-88ba-98c1c438392c,"[0.0, 1.0]",,mixed,1.0
381563280,83016a25-314a-4541-88ba-98c1c438392c,"[0.0, 1.0]",,mixed,1.0
381563281,83016a25-314a-4541-88ba-98c1c438392c,"[0.0, 1.0]",,mixed,1.0
381563282,83016a25-314a-4541-88ba-98c1c438392c,"[0.0, 1.0]",,mixed,1.0
381563283,3430093f-9d1d-403d-8a29-0304f6102abe,"[0.0, 1.0]",,split,0.73
381563284,20777188-8d1b-47bd-b390-8f9800e66f94,"[0.0, 1.0]",,mixed,1.0
381563285,20777188-8d1b-47bd-b390-8f9800e66f94,"[0.0, 1.0]",,mixed,1.0
381563286,20777188-8d1b-47bd-b390-8f9800e66f94,"[0.0, 1.0]",,mixed,1.0
381563287,20777188-8d1b-47bd-b390-8f9800e66f94,"[0.0, 1.0]",,mixed,1.0
381563288,20777188-8d1b-47bd-b390-8f9800e66f94,"[0.0, 1.0]",,mixed,1.0
381563294,9b11b5a4-6148-4059-ba70-7c8363524b1b,"[0.0, 1.0]",,split,0.955
381563298,5b552664-5603-4871-8b77-475fe5b97315,"[0.0, 1.0]",,mixed,1.0
381563299,5b552664-5603-4871-8b77-475fe5b97315,"[0.0, 1.0]",,mixed,1.0
381563300,2abf1ea7-80f2-4a80-a054-c3ed9363ff48,"[0.0, 1.0]",,split,0.867
381563301,dec90d81-b6c5-4a07-af01-3df7ab9c380a,"[0.0, 1.0]",,split,0.828
381563322,2de91df2-52e3-4ec7-b3f3-c7df6c90cbdf,"[0.0, 1.0]",,mixed,0.808
381563333,0c1a4d2d-b534-4cb6-bfb0-a1998faf7375,"[0.0, 1.0]",,mixed,1.0
381563337,0c1a4d2d-b534-4cb6-bfb0-a1998faf7375,"[0.0, 1.0]",,mixed,1.0
381563338,cce120a0-a310-466d-bddf-9fbe0f5a01a1,"[0.0, 1.0]",,split,1.0
381563339,,"[0.0, 1.0]",,unmatched,0.0
381563350,36dbf49b-6133-470f-99b9-b6eb0ecf70b1,"[0.0, 1.0]",,mixed,1.0
381563351,36dbf49b-6133-470f-99b9-b6eb0ecf70b1,"[0.0, 1.0]",,mixed,1.0
381563389,552f5ade-fd9e-48af-afe3-d68ead840be4,"[0.0, 1.0]",,split,1.0
381563390,36dbf49b-6133-470f-99b9-b6eb0ecf70b1,"[0.0, 1.0]",,mixed,1.0
381563581,45c86436-3264-4075-9d3b-a5d0515c0fa2,"[0.0, 1.0]",,split,0.709
381563582,7f311e2c-c464-401d-8a81-7774822aa1b7,"[0.0, 1.0]",,split,1.0
381563583,63cc497c-3e3a-4598-9a38-1a4bb638cbca,"[0.0, 1.0]",,split,0.726
381563584,d1c56c7c-cf98-4f68-a89d-751cbfafb265,"[0.0, 1.0]",,mixed,1.0
381563585,d1c56c7c-cf98-4f68-a89d-751cbfafb265,"[0.0, 1.0]",,mixed,1.0
381563586,a9c775dc-d04e-45f7-8ecf-a40fb0faa186,"[0.0, 1.0]",,mixed,1.0
381563587,a9c775dc-d04e-45f7-8ecf-a40fb0faa186,"[0.0, 1.0]",,mixed,1.0
381563588,a9c775dc-d04e-45f7-8ecf-a40fb0faa186,"[0.0, 1.0]",,mixed,1.0
381563589,a9c775dc-d04e-45f7-8ecf-a40fb0faa186,"[0.0, 1.0]",,mixed,1.0
381563590,a9c775dc-d04e-45f7-8ecf-a40fb0faa186,"[0.0, 1.0]",,mixed,1.0
381563591,68496289-eb42-4a51-81f6-8af72cecc2f9,"[0.0, 1.0]",,split,0.747
381563592,440d7ab9-f0db-461c-98fc-7f9ba9985eca,"[0.0, 1.0]",,split,1.0
381563593,,"[0.0, 1.0]",,unmatched,0.0
381563844,17d148a8-7334-4356-b786-861c5db269b4,"[0.0, 1.0]",,mixed,0.989
381563845,17d148a8-7334-4356-b786-861c5db269b4,"[0.0, 1.0]",,mixed,1.0
381563846,5d761d79-8262-4e1a-828a-6791eb19ea09,"[0.0, 1.0]",,mixed,0.794
381563847,5d761d79-8262-4e1a-828a-6791eb19ea09,"[0.0, 1.0]",,mixed,1.0
381563848,e375bc30-bb8f-401e-ae6e-7d15890e06f2,"[0.0, 1.0]",,split,0.664
381563849,,"[0.0, 1.0]",,unmatched,0.0
381563850,9e5c1ce2-6f22-4d81-a9e3-20bcfb1010e8,"[0.0, 1.0]",,split,0.88
381563851,786748ad-d654-491a-833e-f3c415221b00,"[0.0, 1.0]",,split,1.0
381563852,d6844e97-d8de-47d1-912f-52c7d20efc90,"[0.0, 1.0]",,split,1.0
381563853,76a26ca7-c868-46cc-91cb-bdef69f48d90,"[0.0, 1.0]",,split,1.0
381563854,4c35adb7-3219-486d-aed2-faec10913864,"[0.0, 1.0]",,split,1.0
381563855,,"[0.0, 1.0]",,unmatched,0.0
381563856,41b07400-547f-4f0c-bac3-75c2e0412cdc,"[0.0, 1.0]",,mixed,1.0
381563857,41b07400-547f-4f0c-bac3-75c2e0412cdc,"[0.0, 1.0]",,mixed,1.0
381563858,f02f106a-3f6d-40c4-970f-83cc07b99087,"[0.0, 1.0]",,mixed,0.86
381563859,bd2c64ae-9317-4bd2-a4c1-f6ff2276d9b6,"[0.0, 1.0]",,mixed,1.0
381563860,bd2c64ae-9317-4bd2-a4c1-f6ff2276d9b6,"[0.0, 1.0]",,mixed,0.924
381563861,,"[0.0, 1.0]",,unmatched,0.0
381563862,137b7fe3-f0f5-427c-b841-362934d47b2a,"[0.0, 1.0]",,split,1.0
381563863,7ebde0ea-b1fb-4e44-88e6-ccd495580c48,"[0.0, 1.0]",,split,0.878
381563864,44ce1815-5655-42b1-9903-e825275b8110,"[0.0, 1.0]",,merge,0.559
381563865,44ce1815-5655-42b1-9903-e825275b8110,"[0.0, 1.0]",,mixed,1.0
381563866,44ce1815-5655-42b1-9903-e825275b8110,"[0.0, 1.0]",,mixed,1.0
381563867,46895650-f3d7-4420-b583-1d0e43d7c657,"[0.0, 1.0]",,split,0.928
381563868,447b269c-3c12-4ad9-9ac7-26c3fa57e294,"[0.0, 1.0]",,mixed,1.0
381563869,447b269c-3c12-4ad9-9ac7-26c3fa57e294,"[0.0, 1.0]",,mixed,1.0
381563870,b9969736-3d3a-4c86-a185-3cb86bd1bf93,"[0.0, 1.0]",,mixed,1.0
381563871,e2d636f5-eef5-4a14-8a17-5ed70821e7a0,"[0.0, 1.0]",,split,1.0
381563872,5ebcf735-ac19-46a7-8e57-8e529e76c63d,"[0.0, 1.0]",,split,1.0
381563873,1118b11c-c705-4519-ae60-821fd54cab23,"[0.0, 1.0]",,mixed,1.0
381563874,1118b11c-c705-4519-ae60-821fd54cab23,"[0.0, 1.0]",,mixed,1.0
381563875,1118b11c-c705-4519-ae60-821fd54cab23,"[0.0, 1.0]",,mixed,1.0
381563876,1118b11c-c705-4519-ae60-821fd54cab23,"[0.0, 1.0]",,mixed,1.0
381563877,b9969736-3d3a-4c86-a185-3cb86bd1bf93,"[0.0, 1.0]",,mixed,1.0
381563878,7bc35afb-162a-4b89-bbc8-f15cc122c249,"[0.0, 1.0]",,mixed,1.0
381563879,466dbc79-6bab-4c6a-a50f-9ba72c4a2fc1,"[0.0, 1.0]",,split,1.0
381563880,7bc35afb-162a-4b89-bbc8-f15cc122c249,"[0.0, 1.0]",,mixed,1.0
381563881,b9969736-3d3a-4c86-a185-3cb86bd1bf93,"[0.0, 1.0]",,mixed,1.0
381563882,b9969736-3d3a-4c86-a185-3cb86bd1bf93,"[0.0, 1.0]",,mixed,1.0
381563883,b9969736-3d3a-4c86-a185-3cb86bd1bf93,"[0.0, 1.0]",,mixed,1.0
381563884,b9969736-3d3a-4c86-a185-3cb86bd1bf93,"[0.0, 1.0]",,mixed,1.0
381563885,b9969736-3d3a-4c86-a185-3cb86bd1bf93,"[0.0, 1.0]",,mixed,1.0
381563886,73e0e34c-debe-4b00-bac8-34f87bcd9f48,"[0.0, 1.0]",,mixed,1.0
381563887,73e0e34c-debe-4b00-bac8-34f87bcd9f48,"[0.0, 1.0]",,mixed,0.697
381563888,1649408f-39a5-4b00-be3c-2bc650070a78,"[0.0, 1.0]",,split,0.952
381563889,,"[0.0, 1.0]",,unmatched,0.0
381563890,d7ebbf5d-7a10-4876-a1e3-572845e8418f,"[0.0, 1.0]",,split,1.0
381563891,5d7fb129-625a-408b-9d71-499060d95da2,"[0.0, 1.0]",,mixed,1.0
381563892,5d7fb129-625a-408b-9d71-499060d95da2,"[0.0, 1.0]",,mixed,1.0
381563893,7c429e48-7b1b-4770-8ce3-13b42ec60ed5,"[0.0, 1.0]",,split,0.992
381563894,f02f106a-3f6d-40c4-970f-83cc07b99087,"[0.0, 1.0]",,mixed,1.0
381563895,15783eda-f2dd-4b4f-aa48-3a41ba7bc90b,"[0.0, 1.0]",,split,0.908
381563896,c3f626cf-8d93-4dc4-bcf3-27a01c2d685b,"[0.0, 1.0]",,split,1.0
381563897,,"[0.0, 1.0]",,unmatched,0.0
381563898,bb3a778a-5154-4198-bd69-3942c1f46632,"[0.0, 1.0]",,split,0.995
381563899,03232cc3-5ff7-40b1-b472-31a994d73d83,"[0.0, 1.0]",,split,1.0
381563900,3d182f3b-8b2c-45a5-befa-29734d8b6136,"[0.0, 1.0]",,mixed,0.886
381563901,3d182f3b-8b2c-45a5-befa-29734d8b6136,"[0.0, 1.0]",,mixed,1.0
381563902,3d182f3b-8b2c-45a5-befa-29734d8b6136,"[0.0, 1.0]",,mixed,1.0
381563903,876037b6-a532-474b-ad9d-2e16e298620d,"[0.0, 1.0]",,split,1.0
381563904,cebd04f7-8d76-4988-a9ba-6baa2f53167d,"[0.0, 1.0]",,split,1.0
381563905,6dc87e31-709a-4c31-b674-b04dbe13e5c5,"[0.0, 1.0]",,mixed,1.0
381563906,6dc87e31-709a-4c31-b674-b04dbe13e5c5,"[0.0, 1.0]",,mixed,1.0
381563907,6dc87e31-709a-4c31-b674-b04dbe13e5c5,"[0.0, 1.0]",,mixed,1.0
381563908,b57b090d-6a13-4dc2-bdb4-34396c8c53b1,"[0.0, 1.0]",,split,0.941
381563909,0c931dd5-3ce5-471d-b52a-7a155e7c93eb,"[0.0, 1.0]",,mixed,1.0
381563910,0c931dd5-3ce5-471d-b52a-7a155e7c93eb,"[0.0, 1.0]",,mixed,1.0
381563911,0c931dd5-3ce5-471d-b52a-7a155e7c93eb,"[0.0, 1.0]",,mixed,1.0
381563912,0c931dd5-3ce5-471d-b52a-7a155e7c93eb,"[0.0, 1.0]",,mixed,1.0
381563913,58c37e15-71cd-46cd-9d9a-ebe9e0286ecf,"[0.0, 1.0]",,split,0.689
381563914,241efea2-82b0-4f5c-b605-813f801aeee9,"[0.0, 1.0]",,mixed,1.0
381563915,241efea2-82b0-4f5c-b605-813f801aeee9,"[0.0, 1.0]",,mixed,1.0
381563916,98bf492b-be3c-4adb-afb1-a3bc5374d2c3,"[0.0, 1.0]",,split,0.821
381563917,f8b5182e-4f7a-448d-ae24-26170274b9cb,"[0.0, 1.0]",,mixed,1.0
381563918,f51dc97b-1d9c-4ab9-9005-6cb31ad9a900,"[0.0, 1.0]",,split,1.0
381563919,79334df0-4c04-4584-a41f-dc5bef9f3e2a,"[0.0, 1.0]",,mixed,1.0
381563920,f8b5182e-4f7a-448d-ae24-26170274b9cb,"[0.0, 1.0]",,mixed,1.0
381563921,79334df0-4c04-4584-a41f-dc5bef9f3e2a,"[0.0, 1.0]",,mixed,1.0
381563934,d867d98c-e030-4772-95e2-cc964def1b91,"[0.0, 1.0]",,split,1.0
381563941,924caf01-5d8b-4d28-9832-8f7e2aadb7aa,"[0.0, 1.0]",,mixed,1.0
381563942,924caf01-5d8b-4d28-9832-8f7e2aadb7aa,"[0.0, 1.0]",,mixed,1.0
381563943,924caf01-5d8b-4d28-9832-8f7e2aadb7aa,"[0.0, 1.0]",,mixed,1.0
381563944,924caf01-5d8b-4d28-9832-8f7e2aadb7aa,"[0.0, 1.0]",,mixed,1.0
381563945,924caf01-5d8b-4d28-9832-8f7e2aadb7aa,"[0.0, 1.0]",,mixed,1.0
381564400,ea8a46d0-c718-43c2-8dfb-eae805da2248,"[0.0, 1.0]",,merge,0.982
381564401,ea8a46d0-c718-43c2-8dfb-eae805da2248,"[0.0, 1.0]",,merge,1.0
381564402,15c186b3-9716-4cc2-a00e-e959b0cd4f97,"[0.0, 1.0]",,mixed,0.738
381564403,15c186b3-9716-4cc2-a00e-e959b0cd4f97,"[0.0, 1.0]",,mixed,1.0
381564404,1379eb07-ff14-4dc2-8226-e24370072bfc,"[0.0, 1.0]",,mixed,1.0
381564405,,"[0.0, 1.0]",,unmatched,0.0
381564681,ce65bcf1-93ce-4d74-8c82-74c80b16b7e5,"[0.0, 1.0]",,split,0.783
381564682,53cd2253-c7e9-4f69-bb6c-62c86b2c45a6,"[0.0, 1.0]",,split,1.0
381564683,457f145b-9cf2-46a5-a6e4-091a56203b8a,"[0.0, 1.0]",,split,0.664
381564684,4c867d03-a111-420c-96ef-5bb0d2a84860,"[0.0, 1.0]",,mixed,1.0
381564685,bc02577d-6c98-42dc-bf2d-c6d70643acdc,"[0.0, 1.0]",,split,0.904
381564686,82cc415b-ac8d-43da-af35-5735ae0c1532,"[0.0, 1.0]",,mixed,1.0
381564687,82cc415b-ac8d-43da-af35-5735ae0c1532,"[0.0, 1.0]",,mixed,1.0
381564688,436679f4-601a-4a9a-8726-be2f7bf7ce7c,"[0.0, 1.0]",,split,1.0
381564689,a513ede7-f9ef-436f-8b58-b643086608fb,"[0.0, 1.0]",,mixed,1.0
381564690,a513ede7-f9ef-436f-8b58-b643086608fb,"[0.0, 1.0]",,mixed,1.0
381564691,54c50319-ca2a-422f-b88e-907b39e3c1dc,"[0.0, 1.0]",,split,0.934
381564692,,"[0.0, 1.0]",,unmatched,0.0
381564693,a513ede7-f9ef-436f-8b58-b643086608fb,"[0.0, 1.0]",,mixed,1.0
381564694,3a04f6ae-7f8d-4955-b115-dcb660eca6d8,"[0.0, 1.0]",,merge,1.0
381564695,3a04f6ae-7f8d-4955-b115-dcb660eca6d8,"[0.0, 1.0]",,mixed,1.0
381564696,3a04f6ae-7f8d-4955-b115-dcb660eca6d8,"[0.0, 1.0]",,mixed,1.0
381564697,4c867d03-a111-420c-96ef-5bb0d2a84860,"[0.0, 1.0]",,mixed,1.0
381564698,,"[0.0, 1.0]",,unmatched,0.0
381564699,a513ede7-f9ef-436f-8b58-b643086608fb,"[0.0, 1.0]",,mixed,0.756
381564700,a513ede7-f9ef-436f-8b58-b643086608fb,"[0.0, 1.0]",,merge,1.0
381564701,a513ede7-f9ef-436f-8b58-b643086608fb,"[0.0, 1.0]",,mixed,1.0
381564702,457fe6cf-6b20-4c0f-95c7-b056ab4afc47,"[0.0, 1.0]",,split,1.0
381564703,f2f76696-040e-4a54-a8b4-fc8e7a042aec,"[0.0, 1.0]",,split,0.757
381564704,98974858-75b1-43a7-a2b3-5f335f603afe,"[0.0, 1.0]",,split,1.0
381564705,137f15ed-0897-4986-b823-2fa8cb311db1,"[0.0, 1.0]",,split,0.825
381564706,83f26f82-cd6e-4e83-98af-5cd27a1fb9bf,"[0.0, 1.0]",,mixed,1.0
381564707,83f26f82-cd6e-4e83-98af-5cd27a1fb9bf,"[0.0, 1.0]",,mixed,1.0
381564708,,"[0.0, 1.0]",,unmatched,0.0
